iso3,language,city,owners_id,id
ARG,ActionScript,San Francisco,274640,1829695
ARG,ApacheConf,San Francisco,406005,54692525
ARG,Arduino,San Francisco,728940,37477630
ARG,Awk,San Francisco,16725,49662359
ARG,Brainfuck,San Francisco,16725,43178176
ARG,C,San Francisco,8789257,717883644
ARG,C,San Rafael,177672,11941656
ARG,C#,San Francisco,1225904,115153055
ARG,C++,Buenos Aires,510842,21150463
ARG,C++,San Francisco,3123778,266240977
ARG,C++,Santa Rosa,641147,44699579
ARG,CSS,San Francisco,4241957,404121037
ARG,Clojure,Buenos Aires,360428,27788441
ARG,Clojure,San Francisco,185715,26900601
ARG,CoffeeScript,San Francisco,1219762,20158196
ARG,Elm,San Francisco,371430,139530283
ARG,Emacs Lisp,Buenos Aires,360428,27091784
ARG,Emacs Lisp,San Francisco,829032,92204942
ARG,Emacs Lisp,San Rafael,44418,2559067
ARG,Erlang,San Rafael,488598,195653754
ARG,F#,San Francisco,387933,888807
ARG,Go,Buenos Aires,360428,18311549
ARG,Go,San Francisco,1194697,136898357
ARG,Groovy,San Francisco,518768,21530899
ARG,HTML,Buenos Aires,510842,67649895
ARG,HTML,San Francisco,3587602,307866455
ARG,Haskell,Buenos Aires,510842,44876346
ARG,Haskell,San Francisco,49256,755624
ARG,Java,Rosario,208368,23202690
ARG,Java,San Francisco,11109272,980007076
ARG,Java,San Rafael,44418,9554426
ARG,Java,Santa Rosa,641147,35968391
ARG,JavaScript,Buenos Aires,2091227,258232122
ARG,JavaScript,Rosario,625104,79303417
ARG,JavaScript,San Francisco,40696603,3045736517
ARG,JavaScript,Santa Rosa,10419503,542384159
ARG,Jupyter Notebook,San Francisco,142306,56440969
ARG,Lua,Rosario,104184,64572715
ARG,Makefile,San Francisco,271030,117097487
ARG,Nginx,San Francisco,146222,26135489
ARG,Objective-C,San Francisco,4596764,160284155
ARG,PHP,Buenos Aires,4184728,433505699
ARG,PHP,Lincoln,931937,8180751
ARG,PHP,Rosario,1979496,389334103
ARG,PHP,San Francisco,10464049,487322788
ARG,Perl,Buenos Aires,510842,70250824
ARG,Perl,San Francisco,4542363,86596375
ARG,Python,Buenos Aires,2901736,183032742
ARG,Python,Rosario,104184,5960645
ARG,Python,San Francisco,24924834,2070859331
ARG,Python,San Rafael,44418,64501185
ARG,Python,Santa Rosa,5129176,215564752
ARG,R,San Francisco,221955,14559262
ARG,Racket,San Francisco,149107,7334360
ARG,Ruby,Buenos Aires,1138264,166378361
ARG,Ruby,San Francisco,34171279,1403897738
ARG,Ruby,San Rafael,488598,155043993
ARG,Ruby,Santa Rosa,1282294,104100785
ARG,Rust,San Francisco,490486,140436933
ARG,Scala,San Francisco,719708,115097351
ARG,Shell,Buenos Aires,1021684,118649873
ARG,Shell,San Francisco,1503736,277193240
ARG,Shell,San Rafael,44418,2497821
ARG,Shell,Santa Rosa,641147,15716113
ARG,Swift,San Francisco,7748351,820581755
ARG,TeX,Buenos Aires,360428,46382310
ARG,TeX,San Francisco,552227,27720696
ARG,TypeScript,San Francisco,473248,102064954
ARG,VimL,San Francisco,2869032,233718264
AUS,ActionScript,Roma,497527,3053786
AUS,ApacheConf,Sydney,960404,42953826
AUS,AppleScript,Melbourne,12973,31804206
AUS,Arduino,Melbourne,956530,10899636
AUS,C,Hobart,524259,16172460
AUS,C,Melbourne,3781035,24919923
AUS,C,Portland,1270931,47773651
AUS,C,Roma,995054,42419082
AUS,C,Sydney,2221185,100459492
AUS,C#,Brisbane,4390883,976926000
AUS,C#,Melbourne,3547925,294806016
AUS,C#,Perth,77116,362141
AUS,C#,Scottsdale,4689445,102126061
AUS,C#,Sydney,7272153,325539512
AUS,C++,Melbourne,2091468,189820607
AUS,C++,Portland,1180443,174264146
AUS,CSS,Brisbane,684001,123835270
AUS,CSS,Melbourne,4616003,223270242
AUS,CSS,Portland,2892341,188834922
AUS,CSS,Sale,315242,38048187
AUS,CSS,Sydney,5800825,195588255
AUS,Clojure,Sydney,3733840,329453094
AUS,CoffeeScript,Hobart,524259,6537188
AUS,CoffeeScript,Melbourne,161137,24368796
AUS,CoffeeScript,Portland,1787576,46452533
AUS,Elixir,Portland,77820,19252389
AUS,Emacs Lisp,Melbourne,161137,2253395
AUS,Emacs Lisp,Portland,959505,124771245
AUS,F#,Brisbane,65170,21515734
AUS,F#,Melbourne,322274,20148616
AUS,Go,Portland,352674,64119874
AUS,Go,Sydney,6273099,254674052
AUS,Groovy,Melbourne,161137,51722314
AUS,Groovy,Portland,336506,61073493
AUS,HTML,Adelaide,1257666,52497289
AUS,HTML,Melbourne,709585,70385714
AUS,HTML,Portland,874542,254476984
AUS,HTML,Sale,157621,56633288
AUS,HTML,Sydney,960404,45849542
AUS,HaXe,Portland,255001,8224230
AUS,Haskell,Brisbane,861196,51024978
AUS,Haskell,Melbourne,322274,70989587
AUS,Java,Adelaide,7760985,106067328
AUS,Java,Melbourne,3730985,67688496
AUS,Java,Portland,1609074,275264616
AUS,Java,Roma,995054,41034411
AUS,Java,Sydney,4984818,218675906
AUS,JavaScript,Brisbane,737052,60219921
AUS,JavaScript,Hobart,7863885,489028218
AUS,JavaScript,Melbourne,10988859,652743554
AUS,JavaScript,Portland,11202254,739379969
AUS,JavaScript,Scottsdale,2813667,138515255
AUS,JavaScript,Sydney,18936147,712453359
AUS,Lua,Roma,1492581,62133144
AUS,Lua,Sydney,896157,19090692
AUS,Makefile,Roma,497527,13582713
AUS,Matlab,Melbourne,956530,11476261
AUS,OCaml,Portland,529011,54016502
AUS,Objective-C,Hobart,1048518,85124960
AUS,Objective-C,Melbourne,9883192,183254897
AUS,Objective-C,Portland,6878049,255350835
AUS,Objective-C,Scottsdale,937889,43319788
AUS,Objective-C,Sydney,4480785,156379084
AUS,Objective-C++,Sydney,896157,24142924
AUS,PHP,Canberra,21077,43748
AUS,PHP,Hobart,3145554,39704451
AUS,PHP,Melbourne,8593814,317423316
AUS,PHP,Portland,1041854,143547251
AUS,PHP,Roma,995054,60694854
AUS,PHP,Scottsdale,1875778,22425207
AUS,PHP,Sydney,10398884,520814220
AUS,Pascal,Sydney,960404,14087363
AUS,Perl,Portland,352674,63829059
AUS,PowerShell,Brisbane,130340,62270762
AUS,Puppet,Brisbane,184263,21261614
AUS,Python,Brisbane,65170,45181158
AUS,Python,Melbourne,2577560,165744879
AUS,Python,Portland,4028776,247083331
AUS,Python,Sydney,1856561,38388635
AUS,R,Adelaide,1257666,57683985
AUS,Ruby,Canberra,21077,43749
AUS,Ruby,Hobart,1048518,6876691
AUS,Ruby,Melbourne,5546382,250961897
AUS,Ruby,Portland,3654517,151728806
AUS,Ruby,Sydney,12069903,418456661
AUS,Rust,Brisbane,65170,30728352
AUS,Scala,Portland,904164,110664858
AUS,Shell,Brisbane,185135,18912734
AUS,Shell,Hobart,1048518,104746281
AUS,Shell,Melbourne,1471768,70269215
AUS,Shell,Portland,4565377,366818264
AUS,Shell,Roma,497527,12183029
AUS,Shell,Sydney,1482507,56939276
AUS,Swift,Melbourne,1450233,442757060
AUS,Swift,Sydney,896157,36849814
AUS,TeX,Portland,176337,5022122
AUS,TypeScript,Brisbane,368526,98844780
AUS,TypeScript,Melbourne,322274,78565155
AUS,VimL,Melbourne,12973,121210
AUS,VimL,Portland,200665,7905125
AUS,VimL,Sydney,960404,19695846
AUS,Visual Basic,Brisbane,65170,47477299
AUS,XSLT,Adelaide,891519,6306493
AUT,BitBake,Vienna,277690,127765231
AUT,C,Vienna,416535,23386979
AUT,C++,Innsbruck,494704,45240293
AUT,C++,Vienna,648230,84432062
AUT,HTML,Vienna,634285,41741146
AUT,Java,Vienna,648230,72058626
AUT,JavaScript,Vienna,3555910,77393184
AUT,Python,Innsbruck,1484112,104891195
AUT,Python,Vienna,2221520,208526941
AUT,Ruby,Vienna,1653055,63936239
AUT,Shell,Vienna,787075,121374893
BEL,Arduino,Brussels,873684,14573139
BEL,C,Brussels,3494736,79348718
BEL,C++,Brussels,873684,38702155
BEL,CSS,Brussels,873684,24996198
BEL,Eagle,Brussels,873684,43273748
BEL,Go,Brussels,873684,63799975
BEL,HTML,Brussels,873684,50786139
BEL,Java,Brussels,873684,7802634
BEL,JavaScript,Brussels,3494736,88375230
BEL,Makefile,Brussels,873684,53431861
BEL,Processing,Brussels,873684,10848247
BEL,Python,Brussels,873684,16447071
BEL,Scala,Brussels,873684,63487660
BEL,TeX,Brussels,873684,24967567
BGD,Java,Dhaka,4302492,307108079
BGD,PHP,Dhaka,720373,71130417
BGR,C,Sofia,1157300,57821050
BGR,C#,Sofia,252876,2469494
BGR,C++,Sofia,1488463,79476964
BGR,CSS,Sofia,63219,15009749
BGR,Elixir,Sofia,3721002,284287609
BGR,Emacs Lisp,Sofia,683386,40035440
BGR,Go,Sofia,620167,45202715
BGR,HTML,Sofia,909813,37615380
BGR,Java,Sofia,1735950,141314097
BGR,JavaScript,Sofia,7663747,879432822
BGR,Lua,Sofia,63219,1955181
BGR,PHP,Sofia,13316032,584403107
BGR,Perl,Sofia,63219,5673928
BGR,Python,Sofia,3019688,183429663
BGR,Ruby,Sofia,2543887,97424956
BGR,Shell,Sofia,3144239,171648509
BGR,TypeScript,Sofia,568971,419212823
BGR,VimL,Sofia,1240334,91958303
BLR,Java,Minsk,1499550,108211630
BLR,Shell,Minsk,749775,2918999
BOL,C,San Rafael,177672,11941656
BOL,Emacs Lisp,San Rafael,44418,2559067
BOL,Erlang,San Rafael,488598,195653754
BOL,HTML,Santa Cruz,938509,45288484
BOL,Java,San Rafael,44418,9554426
BOL,Python,San Rafael,44418,64501185
BOL,Ruby,San Rafael,488598,155043993
BOL,Shell,San Rafael,44418,2497821
BRA,Batchfile,Porto Alegre,576561,36626924
BRA,C,Belo Horizonte,1215699,11307758
BRA,C,Campina Grande,977090,18745744
BRA,C,Porto Alegre,1153122,115592418
BRA,C#,Porto Alegre,1729683,144753658
BRA,C++,Belo Horizonte,1720896,54333003
BRA,C++,Porto Alegre,576561,58228432
BRA,C++,Santa Rosa,641147,44699579
BRA,C++,Vitória,690476,69183310
BRA,CSS,Belo Horizonte,860448,40678484
BRA,CSS,Brasilia,663841,59604582
BRA,CSS,Campina Grande,977090,33221139
BRA,CSS,Rio de Janeiro,359017,20572574
BRA,Clojure,Belo Horizonte,860448,33901942
BRA,CoffeeScript,Rio de Janeiro,304810,21251586
BRA,Go,Belo Horizonte,6883584,159878454
BRA,HTML,Belo Horizonte,2232294,85928828
BRA,HTML,Goiania,185686,47728502
BRA,HTML,Nova Friburgo,1668318,72760925
BRA,HTML,Santa Cruz,938509,45288484
BRA,HTML,Vitória,2761904,198644773
BRA,Java,Belo Horizonte,4492083,126085636
BRA,Java,Fortaleza,609555,31766887
BRA,Java,Goiania,742744,43511442
BRA,Java,Nova Friburgo,834159,26839548
BRA,Java,Rio de Janeiro,304810,18448528
BRA,Java,Rosario,208368,23202690
BRA,Java,Santa Rosa,641147,35968391
BRA,Java,Vitória,2761904,228200995
BRA,JavaScript,Belo Horizonte,489033,32457589
BRA,JavaScript,Brasilia,1327682,41750823
BRA,JavaScript,Curitiba,1231614,428846073
BRA,JavaScript,Fortaleza,1219110,64376653
BRA,JavaScript,Goiania,185686,5118829
BRA,JavaScript,Niteroi,290832,3714781
BRA,JavaScript,Nova Friburgo,834159,13820100
BRA,JavaScript,Recife,1480395,115635773
BRA,JavaScript,Rio de Janeiro,1381861,13164172
BRA,JavaScript,Rosario,625104,79303417
BRA,JavaScript,Santa Rosa,10419503,542384159
BRA,JavaScript,Vitória,1380952,71385562
BRA,Lua,Rosario,104184,64572715
BRA,PHP,Belo Horizonte,710502,97339576
BRA,PHP,Campina Grande,977090,52564837
BRA,PHP,Fortaleza,2438220,8892917
BRA,PHP,Nova Friburgo,4170795,97477328
BRA,PHP,Rosario,1979496,389334103
BRA,PHP,Vitória,690476,56791408
BRA,Puppet,Brasilia,2655364,202947396
BRA,Python,Belo Horizonte,1932402,62206041
BRA,Python,Campina Grande,2931270,114741885
BRA,Python,Rio de Janeiro,1795085,130787033
BRA,Python,Rosario,104184,5960645
BRA,Python,Santa Rosa,5129176,215564752
BRA,Python,Vitória,3452380,140427915
BRA,Ruby,Belo Horizonte,511398,30041200
BRA,Ruby,Brasilia,1991523,144264635
BRA,Ruby,Goiania,185686,55569421
BRA,Ruby,Niteroi,290832,710510
BRA,Ruby,Rio de Janeiro,1937274,35278684
BRA,Ruby,Santa Rosa,1282294,104100785
BRA,Shell,Belo Horizonte,355251,50879243
BRA,Shell,Brasilia,8629933,529416331
BRA,Shell,Campina Grande,3908360,126183293
BRA,Shell,Porto Alegre,576561,45839302
BRA,Shell,Santa Rosa,641147,15716113
BRA,Shell,Vitória,1380952,116502332
BRA,TeX,Belo Horizonte,860448,35335270
BRA,VimL,Belo Horizonte,2232294,96580347
BRA,VimL,Campina Grande,977090,40846256
BRA,VimL,Curitiba,68423,12528178
BRA,VimL,Rio de Janeiro,359017,9456329
CAN,ApacheConf,London,643852,56391604
CAN,ApacheConf,Sydney,960404,42953826
CAN,Arduino,London,1727143,124366635
CAN,Assembly,Vancouver,486773,79438265
CAN,C,Halifax,25994,11069994
CAN,C,London,3528245,105069625
CAN,C,Montréal,35039,30845750
CAN,C,Sydney,2221185,100459492
CAN,C,Toronto,583370,7057543
CAN,C,Vancouver,1217668,104727262
CAN,C#,London,2045066,124540882
CAN,C#,Sydney,7272153,325539512
CAN,C#,Toronto,482590,69580637
CAN,C#,Vancouver,1348075,144618383
CAN,C++,London,4713033,41067459
CAN,C++,Toronto,643865,7300618
CAN,C++,Vancouver,1884078,267389250
CAN,CSS,Calgary,892024,53303788
CAN,CSS,London,5973304,381648870
CAN,CSS,Montréal,80009,65390239
CAN,CSS,Sydney,5800825,195588255
CAN,CSS,Toronto,30220,20628111
CAN,Clojure,Sydney,3733840,329453094
CAN,Clojure,Toronto,858817,8365126
CAN,Clojure,Vancouver,450204,39035120
CAN,CoffeeScript,London,743532,21079367
CAN,Elixir,London,846963,60250879
CAN,Emacs Lisp,London,60604,2609207
CAN,Go,Halifax,77982,242249574
CAN,Go,London,272718,187010976
CAN,Go,Sydney,6273099,254674052
CAN,Go,Toronto,858817,60348949
CAN,Go,Vancouver,225102,51410729
CAN,Groovy,London,235892,49136775
CAN,Groovy,Toronto,158169,5238405
CAN,HTML,London,8015194,678751940
CAN,HTML,Sydney,960404,45849542
CAN,HTML,Toronto,316338,105033094
CAN,HTML,Vancouver,486773,94500227
CAN,Haskell,London,1930118,114374707
CAN,Haskell,Toronto,291685,5317680
CAN,Java,Halifax,12997,21627401
CAN,Java,London,13198258,867578754
CAN,Java,Sydney,4984818,218675906
CAN,Java,Toronto,5029119,82159413
CAN,Java,Vancouver,261671,34187769
CAN,JavaScript,Calgary,3568096,186484256
CAN,JavaScript,Edmonton,162156,3432448
CAN,JavaScript,Halifax,116973,115865237
CAN,JavaScript,Iqaluit,588860,57412855
CAN,JavaScript,London,30892813,1938416866
CAN,JavaScript,Montréal,390114,82190861
CAN,JavaScript,Ottawa,236646,15878162
CAN,JavaScript,Red Deer,879989,43378682
CAN,JavaScript,Sydney,18936147,712453359
CAN,JavaScript,Toronto,1491493,91165650
CAN,JavaScript,Vancouver,5982056,797652779
CAN,Jupyter Notebook,Vancouver,602782,122595973
CAN,Lasso,Montréal,80009,11608868
CAN,Lua,Ottawa,57999,931557
CAN,Lua,Sydney,896157,19090692
CAN,Lua,Toronto,158169,14771068
CAN,Makefile,Vancouver,450204,111313327
CAN,Objective-C,Edmonton,54052,486807
CAN,Objective-C,London,779614,43986530
CAN,Objective-C,Ottawa,463992,186922261
CAN,Objective-C,Sydney,4480785,156379084
CAN,Objective-C,Toronto,6438650,330120286
CAN,Objective-C,Vancouver,785013,100863425
CAN,Objective-C++,Sydney,896157,24142924
CAN,PHP,Iqaluit,1177720,55621430
CAN,PHP,London,4416654,487089034
CAN,PHP,Montréal,800090,145838994
CAN,PHP,Ottawa,178647,14715047
CAN,PHP,Sydney,10398884,520814220
CAN,Pascal,Sydney,960404,14087363
CAN,Perl,London,5773874,29077694
CAN,Perl6,London,14728380,932187617
CAN,PostScript,London,1712702,88437623
CAN,Processing,Toronto,643865,31048601
CAN,Prolog,London,965059,65684759
CAN,Puppet,Toronto,158169,16711445
CAN,Python,Calgary,2676072,117299367
CAN,Python,Halifax,64985,109956686
CAN,Python,London,30557995,1445303693
CAN,Python,Montréal,105117,126220561
CAN,Python,Ottawa,57999,759872
CAN,Python,Sydney,1856561,38388635
CAN,Python,Toronto,7241543,507481601
CAN,Python,Vancouver,1208158,170492405
CAN,Ruby,Edmonton,810780,64716164
CAN,Ruby,Fort Smith,636909,61533530
CAN,Ruby,Halifax,25994,5565055
CAN,Ruby,London,8997213,433588370
CAN,Ruby,Montréal,245273,16422183
CAN,Ruby,Sydney,12069903,418456661
CAN,Ruby,Toronto,248829,82662449
CAN,Rust,London,188487,69396811
CAN,Rust,Vancouver,675306,138711135
CAN,Scala,Halifax,12997,179279
CAN,Scala,London,9148401,521286191
CAN,Shell,Edmonton,54052,3404743
CAN,Shell,London,7723289,305306581
CAN,Shell,Sydney,1482507,56939276
CAN,Shell,Toronto,449854,53238724
CAN,Shell,Vancouver,748444,162903181
CAN,Swift,Sydney,896157,36849814
CAN,Swift,Toronto,643865,49633141
CAN,Swift,Vancouver,785013,123682744
CAN,TypeScript,London,276715,52104467
CAN,UnrealScript,Toronto,643865,16364199
CAN,VimL,Calgary,892024,29174508
CAN,VimL,Halifax,12997,9567467
CAN,VimL,Iqaluit,588860,5596141
CAN,VimL,London,49294,22601189
CAN,VimL,Sydney,960404,19695846
CAN,VimL,Toronto,291685,3770884
CHE,C,Zürich,676924,1566205
CHE,C++,Bern,1376072,16560771
CHE,ColdFusion,Frauenfeld,134006,10228724
CHE,D,Bern,688036,11208678
CHE,HTML,Lausanne,2346513,169089041
CHE,Java,Bern,460712,20888524
CHE,JavaScript,Frauenfeld,268012,132459143
CHE,JavaScript,Lausanne,1256744,27690827
CHE,JavaScript,Luzern,67598,2072172
CHE,PHP,Luzern,67598,57080583
CHE,Python,Bern,8944468,491070157
CHE,Python,Lausanne,628372,63986885
CHE,Ruby,Luzern,101397,275064
CHE,Shell,Lausanne,628372,66375861
CHE,VimL,Lausanne,628372,6066823
CHL,C,San Antonio,72604,5228341
CHL,C++,Los Angeles,844278,67659860
CHL,CSS,Los Angeles,2349106,176482931
CHL,CSS,Santiago,584752,43716991
CHL,Clojure,Los Angeles,9240,2383588
CHL,CoffeeScript,Los Angeles,9240,1909389
CHL,CoffeeScript,Santiago,1403870,15028764
CHL,Elixir,Los Angeles,9240,67966224
CHL,Go,Los Angeles,36960,76559790
CHL,HTML,Los Angeles,9240,63109712
CHL,HTML,Santiago,388904,9503721
CHL,Haskell,Los Angeles,9240,510886
CHL,Java,Los Angeles,3831308,264709394
CHL,JavaScript,Los Angeles,953622,276124432
CHL,JavaScript,San Antonio,107103,2717195
CHL,JavaScript,Santiago,9275426,135757823
CHL,Jupyter Notebook,Los Angeles,844278,64619161
CHL,Matlab,Los Angeles,844278,37823770
CHL,OCaml,Los Angeles,9240,538433
CHL,Objective-C,Los Angeles,310016,2388932
CHL,PHP,Los Angeles,597406,41054291
CHL,PHP,San Antonio,72604,1365866
CHL,PHP,Santiago,1403870,12572122
CHL,Perl,Los Angeles,8509428,274015143
CHL,Python,Los Angeles,853518,37378084
CHL,Python,San Antonio,3821640,65935826
CHL,Python,Santiago,2807740,40951247
CHL,R,Los Angeles,844278,37792782
CHL,Ruby,Los Angeles,55440,77636338
CHL,Ruby,San Antonio,214206,5263110
CHL,Ruby,Santiago,7895182,370679940
CHL,Shell,Los Angeles,9240,2266971
CHL,Shell,San Antonio,363020,3443441
CHL,Shell,Santiago,933586,12657115
CHL,VimL,Los Angeles,18480,2858094
CHL,VimL,Santiago,701935,9393647
CHN,ActionScript,Beijing,8193218,204704957
CHN,ActionScript,Xiamen,725964,19744583
CHN,C,Beijing,742239,68458151
CHN,C,Shanghai,490275,25082626
CHN,C,Xiamen,725964,41570100
CHN,C++,Beijing,1455298,97996628
CHN,C++,Shanghai,1476080,89046242
CHN,C++,Xiamen,241988,5370243
CHN,CSS,Beijing,3546275,276455994
CHN,CSS,Shanghai,1826419,151528000
CHN,Cuda,Beijing,523322,113824344
CHN,Emacs Lisp,Shanghai,980550,107164702
CHN,Go,Beijing,7650429,552398205
CHN,Go,Shanghai,3943220,213324570
CHN,Go,Xiamen,483976,29880440
CHN,HTML,Beijing,5587762,363479154
CHN,HTML,Shanghai,1336144,103958518
CHN,HTML,Xiamen,241988,42228111
CHN,Java,Beijing,17298020,509786036
CHN,Java,Shanghai,1476080,45753278
CHN,Java,Xiamen,725964,99353147
CHN,JavaScript,Beijing,14393305,691288207
CHN,JavaScript,Shanghai,6297775,357736035
CHN,JavaScript,Xiamen,725964,98124490
CHN,Objective-C,Beijing,4659880,86044077
CHN,Objective-C,Hangzhou,20093122,328423384
CHN,Objective-C,Xiamen,483976,12447803
CHN,PHP,Beijing,701009,56568758
CHN,Python,Beijing,4563008,692155035
CHN,Python,Shanghai,1971610,106519587
CHN,Python,Xiamen,241988,20190429
CHN,R,Beijing,261661,60593957
CHN,Ruby,Beijing,4390614,368266243
CHN,Ruby,Xiamen,241988,12732816
CHN,Rust,Shanghai,490275,50977316
CHN,Scala,Beijing,899754,21649747
CHN,Shell,Beijing,1946398,196134445
CHN,Shell,Hangzhou,873614,14398947
CHN,Shell,Shanghai,1971610,131576890
CHN,Swift,Beijing,931976,62036145
CHN,Swift,Xiamen,241988,51977398
COL,C,Bucaramanga,743513,27185009
COL,C,Medellin,11690,16315377
COL,C++,Medellin,58450,60933474
COL,Clojure,Medellin,46760,59780283
COL,Common Lisp,Medellin,11690,5971018
COL,Emacs Lisp,Medellin,11690,9015637
COL,Go,Bucaramanga,743513,30887254
COL,HTML,Bucaramanga,743513,35454200
COL,HTML,Medellin,11690,54209834
COL,JavaScript,Armenia,176320,41521971
COL,JavaScript,Bucaramanga,1487026,40864132
COL,JavaScript,Medellin,23380,10042110
COL,PHP,Armenia,176320,44737960
COL,Python,Bucaramanga,6691617,189596788
COL,Ruby,Bucaramanga,743513,8474966
COL,Ruby,Medellin,151970,124289486
COL,Shell,Medellin,11690,757135
COL,Swift,Armenia,528960,165653910
CRI,C,San Jose,1949830,114928050
CRI,C#,San Jose,52390,8406320
CRI,C++,San Jose,474360,64903051
CRI,Go,San Jose,104780,126671675
CRI,HTML,San Jose,52390,62603461
CRI,Haskell,San Jose,237180,13317163
CRI,Java,San Jose,2320380,174217611
CRI,JavaScript,San Jose,261950,53139995
CRI,Makefile,San Jose,52390,61321817
CRI,Python,San Jose,157170,109260017
CRI,Ruby,San Jose,52390,69335556
CRI,Shell,San Jose,52390,42159780
CRI,TeX,San Jose,237180,44206610
CRI,VHDL,San Jose,711540,60185606
CRI,Verilog,San Jose,2371800,252419278
CRI,VimL,San Jose,52390,19918511
CZE,C,Prague,2593956,386286821
CZE,C++,Prague,384824,38078950
CZE,CoffeeScript,Prague,225134,11304487
CZE,F#,Prague,285012,2591995
CZE,HTML,Prague,112567,69573176
CZE,Java,Prague,4617888,361185820
CZE,JavaScript,Prague,4096111,693084944
CZE,Lua,Prague,112567,3329666
CZE,Objective-C,Prague,1154472,79224722
CZE,PHP,Prague,3547181,191233697
CZE,Python,Prague,142506,24073854
CZE,Ruby,Prague,8234522,215259839
CZE,Shell,Prague,1043658,95453569
CZE,VimL,Prague,606145,14859070
DEU,ActionScript,Berlin,487718,1295242
DEU,C,Berlin,1774816,107372426
DEU,C,Hamburg,450980,12062492
DEU,C,Munich,3932491,17992205
DEU,C,Stuttgart,315240,41260057
DEU,C#,Berlin,11077488,351282356
DEU,C#,Munich,9256,8647778
DEU,C++,Berlin,5551506,505418642
DEU,C++,Hamburg,740930,254379003
DEU,C++,Munich,706758,3387424
DEU,CSS,Berlin,1849303,220422249
DEU,CSS,Hamburg,998610,132804185
DEU,CSS,Munich,3002,33275823
DEU,CSS,Stuttgart,157620,32404086
DEU,Clojure,Berlin,4786502,396350013
DEU,CoffeeScript,Berlin,656705,29886337
DEU,CoffeeScript,Munich,9256,40303555
DEU,Common Lisp,Berlin,22109,10465660
DEU,Emacs Lisp,Berlin,2043076,118692005
DEU,Emacs Lisp,Munich,6777917,531950939
DEU,F#,Berlin,2769372,89180693
DEU,Go,Berlin,2269279,679224537
DEU,Go,Munich,1196103,97873634
DEU,Groovy,Munich,1384786,82928933
DEU,HTML,Berlin,2264829,237355828
DEU,HTML,Munich,814781,95948283
DEU,HTML,Stuttgart,324690,38929130
DEU,Haskell,Berlin,670471,30988689
DEU,Java,Berlin,7941398,271983718
DEU,Java,Munich,3199515,280381402
DEU,JavaScript,Berlin,18391111,1386451984
DEU,JavaScript,Hamburg,3401868,263785608
DEU,JavaScript,Leipzig,1931502,206210902
DEU,JavaScript,Munich,4959867,413431162
DEU,JavaScript,Stuttgart,2618291,233833197
DEU,Jupyter Notebook,Berlin,77181,52725789
DEU,Kotlin,Hamburg,96650,25629157
DEU,Lua,Munich,398701,1072369
DEU,Makefile,Berlin,428841,64034970
DEU,Nginx,Berlin,430544,25733799
DEU,Nix,Munich,706758,67904050
DEU,Objective-C,Berlin,9629912,868636086
DEU,Objective-C,Bremen,470440,34685089
DEU,Objective-C,Munich,1902861,10592442
DEU,Objective-C,Stuttgart,324690,12165381
DEU,PHP,Berlin,17041372,1368754399
DEU,PHP,Hamburg,5508410,423696617
DEU,PHP,Munich,2120274,10768243
DEU,PHP,Stuttgart,2049060,409021065
DEU,PostScript,Berlin,430544,25735392
DEU,Processing,Bremen,235220,6094104
DEU,Puppet,Stuttgart,157620,14204445
DEU,Python,Berlin,11062328,720079002
DEU,Python,Hamburg,1151192,153431272
DEU,Python,Munich,3649568,234401581
DEU,Python,Stuttgart,472860,115816540
DEU,Ruby,Berlin,8916882,629967994
DEU,Ruby,Munich,1560862,304362030
DEU,Scala,Berlin,3703114,141299177
DEU,Shell,Berlin,1692224,238046788
DEU,Shell,Hamburg,450980,9700080
DEU,Shell,Munich,2444343,161170034
DEU,Shell,Stuttgart,630480,155314996
DEU,Swift,Berlin,8517483,1208052158
DEU,TeX,Berlin,131341,20273146
DEU,TeX,Munich,797402,4155949
DEU,TypeScript,Hamburg,901960,95270924
DEU,VimL,Berlin,3674238,98717711
DOM,CSS,Santiago,584752,43716991
DOM,CoffeeScript,Santiago,1403870,15028764
DOM,HTML,Santiago,388904,9503721
DOM,JavaScript,Santiago,9275426,135757823
DOM,PHP,Santiago,1403870,12572122
DOM,Python,Santiago,2807740,40951247
DOM,Ruby,Santiago,7895182,370679940
DOM,Shell,Santiago,933586,12657115
DOM,VimL,Santiago,701935,9393647
ECU,HTML,Santa Cruz,938509,45288484
EGY,Python,Alexandria,185633,12462840
EGY,Ruby,Alexandria,371266,19887707
ESP,C,Granada,795597,5178233
ESP,C,Madrid,30147,312634
ESP,C#,Barcelona,1876184,152669571
ESP,C++,Barcelona,4690460,412312760
ESP,C++,Madrid,882413,53981594
ESP,CSS,Barcelona,684539,34659721
ESP,CSS,Madrid,912560,55581650
ESP,Cuda,Barcelona,469046,9754810
ESP,D,Barcelona,469046,17203297
ESP,Emacs Lisp,Barcelona,684539,13382636
ESP,HTML,Barcelona,469046,64661492
ESP,HTML,Granada,1591194,121009686
ESP,HTML,Madrid,125472,40967895
ESP,Java,Granada,2386791,66107895
ESP,Java,Madrid,13787766,207089323
ESP,Java,Seville,1106424,7475346
ESP,JavaScript,Barcelona,8937651,532741085
ESP,JavaScript,Madrid,3567076,341730234
ESP,JavaScript,Seville,1106424,28818151
ESP,Objective-C,Madrid,125472,2532735
ESP,PHP,Barcelona,3536606,222645429
ESP,PHP,Granada,6364776,394295452
ESP,PHP,Madrid,882413,9347380
ESP,Python,Barcelona,684539,14719789
ESP,Python,Granada,795597,1846558
ESP,Python,Madrid,1033148,57967269
ESP,Python,Seville,6269736,179046540
ESP,Ruby,Barcelona,684539,3810522
ESP,Ruby,Granada,795597,69860061
ESP,Ruby,Madrid,977738,68480241
ESP,Ruby,Seville,368808,17716681
ESP,Scala,Barcelona,2053617,108343001
ESP,Shell,Barcelona,2053617,78841045
ESP,Shell,Granada,795597,33524284
ESP,Shell,Madrid,5143743,303286402
EST,Java,Tallinn,77339,453283
EST,Ruby,Tallinn,618712,104568802
EST,Shell,Tallinn,232017,42812679
FIN,C,Turku,586605,50238574
FIN,C++,Turku,586605,53334635
FIN,Clojure,Helsinki,335776,73530827
FIN,CoffeeScript,Jyväskylä,225712,8864589
FIN,CoffeeScript,Tampere,295444,49937156
FIN,Dart,Helsinki,47968,16552188
FIN,Java,Helsinki,143904,2655726
FIN,JavaScript,Helsinki,575616,297282807
FIN,JavaScript,Jyväskylä,5868512,386302820
FIN,JavaScript,Tampere,1477220,172239582
FIN,JavaScript,Turku,858973,81478084
FIN,Lua,Jyväskylä,225712,3125240
FIN,PHP,Turku,586605,66734024
FIN,Ruby,Helsinki,95936,5337975
FIN,Ruby,Jyväskylä,225712,13754079
FIN,Swift,Helsinki,173272,44803741
FIN,TypeScript,Helsinki,143904,175256222
FRA,ActionScript,Paris,707628,6311837
FRA,Arduino,Paris,931980,28027389
FRA,C,Annecy,2228694,61698941
FRA,C,Paris,1710338,60740115
FRA,C++,Annecy,742898,28980571
FRA,C++,Toulouse,5157392,193076508
FRA,CSS,Paris,771591,52145908
FRA,CoffeeScript,Paris,1475548,173232677
FRA,Elixir,Paris,318588,114603848
FRA,HTML,Paris,1741905,120367291
FRA,Java,Annecy,742898,10162099
FRA,Java,Nantes,1367364,79454521
FRA,Java,Paris,5485680,204769693
FRA,JavaScript,Montpellier,1971806,47496409
FRA,JavaScript,Paris,30174016,1797394969
FRA,JavaScript,Strasbourg,212209,19212070
FRA,JavaScript,Toulouse,644674,1425907
FRA,Lasso,Paris,344445,14012220
FRA,Matlab,Paris,799138,30526917
FRA,Matlab,Toulouse,644674,58865074
FRA,Objective-C,Annecy,1485796,4483480
FRA,Objective-C,Paris,177293,673037
FRA,Objective-C,Toulouse,644674,29589446
FRA,PHP,Nice,1172236,121133348
FRA,PHP,Paris,13783304,944473938
FRA,PHP,Strasbourg,212209,1026928
FRA,PHP,Toulouse,644674,24673703
FRA,Python,Annecy,2228694,83800376
FRA,Python,Grenoble,699960,5838728
FRA,Python,Paris,4358952,403698920
FRA,Python,Toulouse,2578696,35332294
FRA,Ruby,Nice,1172236,64729138
FRA,Ruby,Paris,1547260,51259084
FRA,Shell,Paris,4504805,371629212
FRA,TeX,Paris,10273216,696755710
FRA,TypeScript,Paris,344445,50491501
FRA,XSLT,Paris,249853,52014807
GBR,ActionScript,Cambridge,844249,2990861
GBR,ApacheConf,London,643852,56391604
GBR,Arduino,London,1727143,124366635
GBR,Arduino,Manchester,586418,30490239
GBR,C,Brighton,45921,110364
GBR,C,Cambridge,3634554,155215320
GBR,C,Edinburgh,23287,4241727
GBR,C,London,3528245,105069625
GBR,C,Manchester,586418,61939978
GBR,C,Southampton,3088620,65367449
GBR,C#,Birmingham,999096,14531791
GBR,C#,London,2045066,124540882
GBR,C#,Nottingham,545712,3685467
GBR,C#,Perth,77116,362141
GBR,C#,Southampton,644951,2197396
GBR,C++,Birmingham,365869,10711430
GBR,C++,Cambridge,763404,26339840
GBR,C++,Edinburgh,23287,53513438
GBR,C++,London,4713033,41067459
GBR,C++,Manchester,1023422,63967181
GBR,C++,Southampton,1153767,136899422
GBR,CSS,Birmingham,365869,15717007
GBR,CSS,Cambridge,4298699,150371830
GBR,CSS,Coventry,207904,25097046
GBR,CSS,Edinburgh,651600,28680607
GBR,CSS,London,5973304,381648870
GBR,CSS,Manchester,3223831,233246165
GBR,CSS,Southampton,644951,13524858
GBR,Clojure,Southampton,644951,5661317
GBR,CoffeeScript,Cambridge,844249,33501693
GBR,CoffeeScript,Edinburgh,1664740,12991730
GBR,CoffeeScript,London,743532,21079367
GBR,Elixir,Brighton,45921,15185907
GBR,Elixir,London,846963,60250879
GBR,Emacs Lisp,London,60604,2609207
GBR,Go,Brighton,459210,274766432
GBR,Go,Cambridge,5251296,429267340
GBR,Go,London,272718,187010976
GBR,Go,Manchester,2050995,187388658
GBR,Groovy,London,235892,49136775
GBR,HCL,Manchester,683665,56097298
GBR,HTML,London,8015194,678751940
GBR,HTML,Manchester,2637413,228182971
GBR,HTML,Nottingham,272856,7922127
GBR,HTML,Southampton,769178,8587509
GBR,Haskell,London,1930118,114374707
GBR,Haxe,Manchester,2345672,171126886
GBR,Java,Cambridge,7075761,334906879
GBR,Java,Edinburgh,9424695,840153906
GBR,Java,London,13198258,867578754
GBR,Java,Manchester,586418,29972957
GBR,Java,Nottingham,272856,3136268
GBR,Java,Southampton,4957152,312972570
GBR,JavaScript,Birmingham,731738,2129809
GBR,JavaScript,Brighton,275526,31221457
GBR,JavaScript,Bristol,82466,4312328
GBR,JavaScript,Cambridge,16231025,593332172
GBR,JavaScript,Coventry,415808,63807634
GBR,JavaScript,Edinburgh,21673904,727296422
GBR,JavaScript,Leeds,178519,53068852
GBR,JavaScript,London,30892813,1938416866
GBR,JavaScript,Manchester,4788591,424063469
GBR,JavaScript,Nottingham,818568,12090375
GBR,JavaScript,Southampton,4695898,122819532
GBR,Makefile,Cambridge,882976,34585856
GBR,Objective-C,Birmingham,999096,25403053
GBR,Objective-C,Cambridge,1946029,60129165
GBR,Objective-C,Coventry,207904,18034007
GBR,Objective-C,London,779614,43986530
GBR,Objective-C,Manchester,586418,30645576
GBR,Objective-C,Southampton,2183307,111831805
GBR,PHP,Birmingham,2561083,22117361
GBR,PHP,Brighton,45921,9605368
GBR,PHP,Cambridge,3305340,107747119
GBR,PHP,Leeds,2361748,192864192
GBR,PHP,London,4416654,487089034
GBR,PHP,Norwich,10906780,191395873
GBR,Perl,Cambridge,103684,1199810
GBR,Perl,Edinburgh,582175,441855691
GBR,Perl,London,5773874,29077694
GBR,Perl,Manchester,683665,58799934
GBR,Perl6,Edinburgh,23287,2585490
GBR,Perl6,London,14728380,932187617
GBR,PostScript,London,1712702,88437623
GBR,Processing,Manchester,1172836,101699476
GBR,Prolog,London,965059,65684759
GBR,Puppet,Manchester,3418325,248665192
GBR,PureScript,Edinburgh,832370,50793132
GBR,Python,Brighton,183684,48315720
GBR,Python,Cambridge,11013515,309200333
GBR,Python,Coventry,207904,25371987
GBR,Python,Edinburgh,3125423,74878319
GBR,Python,London,30557995,1445303693
GBR,Python,Manchester,2637413,243269832
GBR,Python,Nottingham,272856,18044227
GBR,Python,Southampton,8508590,227390354
GBR,R,Cambridge,259210,14735300
GBR,Ruby,Bristol,3927665,103718694
GBR,Ruby,Cambridge,4260037,158767604
GBR,Ruby,Leeds,1411808,4674046
GBR,Ruby,London,8997213,433588370
GBR,Ruby,Manchester,2734660,199132262
GBR,Ruby,Nottingham,6002832,305287484
GBR,Ruby,Southampton,644951,44380811
GBR,Rust,London,188487,69396811
GBR,Scala,London,9148401,521286191
GBR,Shell,Brighton,45921,18271810
GBR,Shell,Cambridge,896091,49691168
GBR,Shell,Edinburgh,1664740,55504136
GBR,Shell,London,7723289,305306581
GBR,Shell,Manchester,683665,44710195
GBR,Shell,Southampton,1414129,68762465
GBR,Swift,Coventry,623712,70318844
GBR,TypeScript,Edinburgh,628313,48862861
GBR,TypeScript,London,276715,52104467
GBR,VimL,Birmingham,999096,40305594
GBR,VimL,Cambridge,1234395,91969305
GBR,VimL,London,49294,22601189
GBR,Yacc,Southampton,384589,48317532
GEO,HTML,Tbilisi,589801,44042263
GHA,C,Accra,120212,16441810
GHA,Erlang,Accra,601060,170864727
GHA,Go,Accra,120212,66400958
GHA,HTML,Accra,120212,34747105
GRC,CSS,Athens,2222100,77333956
GRC,Go,Athens,799101,18042754
GRC,HTML,Athens,2845998,179790814
GRC,JavaScript,Athens,5867199,134063183
GRC,JavaScript,Volos,133706,323389
GRC,PHP,Athens,799101,40709733
GRC,Python,Athens,15477786,811613106
GRC,Ruby,Athens,799101,44386965
GRC,Shell,Athens,2222100,86326380
GTM,C,San Jose,1949830,114928050
GTM,C#,San Jose,52390,8406320
GTM,C++,San Jose,474360,64903051
GTM,Go,San Jose,104780,126671675
GTM,HTML,San Jose,52390,62603461
GTM,Haskell,San Jose,237180,13317163
GTM,Java,San Jose,2320380,174217611
GTM,JavaScript,San Jose,261950,53139995
GTM,JavaScript,San Marcos,1610796,21674559
GTM,Makefile,San Jose,52390,61321817
GTM,Python,San Jose,157170,109260017
GTM,Ruby,San Jose,52390,69335556
GTM,Shell,San Jose,52390,42159780
GTM,TeX,San Jose,237180,44206610
GTM,VHDL,San Jose,711540,60185606
GTM,Verilog,San Jose,2371800,252419278
GTM,VimL,San Jose,52390,19918511
HKG,Go,Hong Kong,574047,12290893
HKG,HTML,Hong Kong,930192,153363527
HKG,JavaScript,Hong Kong,2790576,324198559
HKG,PHP,Hong Kong,620128,71765439
HUN,API Blueprint,Budapest,23779,56442271
HUN,Assembly,Budapest,23779,16594044
HUN,C,Szeged,837409,46213825
HUN,C#,Szeged,837409,34964359
HUN,C++,Budapest,1404691,13258527
HUN,C++,Szeged,4187045,230423056
HUN,Clojure,Budapest,23779,33565309
HUN,CoffeeScript,Budapest,23779,5642339
HUN,Go,Budapest,71337,197030494
HUN,HTML,Budapest,23779,49521002
HUN,Java,Budapest,190232,213256601
HUN,Java,Szeged,837409,32681172
HUN,JavaScript,Budapest,1476028,106337722
HUN,Objective-C,Budapest,2071368,50680847
HUN,PHP,Budapest,242361,14523191
HUN,Python,Budapest,289919,127031840
HUN,QML,Szeged,2512227,192516392
HUN,Ruby,Budapest,738014,14169453
HUN,Rust,Budapest,47558,77934062
HUN,Scala,Budapest,23779,49485993
HUN,Shell,Budapest,23779,7610760
HUN,TeX,Szeged,837409,53317042
IDN,ActionScript,Yogyakarta,956022,4661735
IDN,C#,Jakarta,218106,55853028
IDN,CSS,Bogor,890665,16050137
IDN,CSS,Jakarta,874112,89663393
IDN,Go,Jakarta,656006,61678163
IDN,HTML,Jakarta,872424,183228801
IDN,Java,Jakarta,872424,184528576
IDN,Java,Yogyakarta,956022,6743952
IDN,JavaScript,Jakarta,3711178,506063677
IDN,JavaScript,Yogyakarta,16252374,162065787
IDN,PHP,Bogor,890665,12533778
IDN,PHP,Jakarta,9402190,322613628
IDN,PHP,Yogyakarta,3824088,53954046
IDN,Ruby,Jakarta,874112,41218895
IDN,Ruby,Yogyakarta,956022,7461324
IDN,Shell,Jakarta,3280030,166982594
IND,C,Chennai,956761,2614156
IND,C#,Gurgaon,620094,18582135
IND,CSS,Bangalore,468770,17316600
IND,CSS,Hyderabad,34660,30424210
IND,CoffeeScript,Hyderabad,17330,2970011
IND,HTML,Bangalore,513147,51128205
IND,HTML,Chennai,1649926,57396880
IND,Java,Bangalore,1839009,109723745
IND,Java,Chennai,3182088,26829363
IND,Java,Hyderabad,17330,6746671
IND,Java,New Delhi,795524,1765554
IND,JavaScript,Bangalore,7716522,556767405
IND,JavaScript,Chennai,5829929,106531753
IND,JavaScript,Gurgaon,310047,2021880
IND,JavaScript,Hyderabad,256526,208250877
IND,JavaScript,New Delhi,988003,13835735
IND,Objective-C,Chennai,750200,7666045
IND,Objective-C,Hyderabad,17330,2753823
IND,PHP,Bangalore,2565735,187411814
IND,PHP,Chandigarh,547353,15041084
IND,PHP,Chennai,6697327,170570007
IND,PHP,Delhi,688510,46679625
IND,PHP,Hyderabad,62402,10789683
IND,Puppet,Bangalore,96630,19019314
IND,Python,Bangalore,2431792,96109448
IND,Python,Chennai,6027664,137334385
IND,Python,Hyderabad,207960,544045367
IND,Python,New Delhi,988003,14550750
IND,R,Chennai,546390,27817397
IND,Ruby,Bangalore,4408898,246518290
IND,Ruby,Hyderabad,578948,120054511
IND,Shell,Bangalore,362212,31972969
IND,Shell,Hyderabad,17330,7608878
IND,Swift,Hyderabad,17330,8599361
IND,TypeScript,Hyderabad,62402,62750766
IND,VimL,Bangalore,277736,61733354
IND,VimL,Chennai,824963,30003918
IRL,C,Dublin,2034812,51609611
IRL,C,Galway,217248,9094592
IRL,C++,Dublin,508703,59615339
IRL,CSS,Dublin,72502,19706709
IRL,Go,Dublin,508703,68303840
IRL,Objective-C,Dublin,508703,12984615
IRL,Perl,Dublin,1526109,3549982
IRL,Python,Dublin,2543515,90555347
IRL,Shell,Dublin,508703,12617323
ITA,Ada,Bologna,765319,45257716
ITA,Arduino,Milan,481336,13685256
ITA,C,Catania,21960,330060387
ITA,C,Milan,3447687,84663155
ITA,C,Pisa,781750,255478520
ITA,C,Rome,892042,3629113
ITA,C#,Milan,962672,17503258
ITA,C++,Bologna,765319,45256372
ITA,C++,Catania,2928,38648839
ITA,C++,Pisa,1094450,342391427
ITA,CMake,Pisa,312700,76750941
ITA,CSS,Bologna,765319,18467257
ITA,Erlang,Milan,1925344,226308039
ITA,Java,Bologna,6122552,228192131
ITA,Java,Milan,6257368,184770410
ITA,JavaScript,Catania,1464,564225
ITA,JavaScript,Milan,765247,4927027
ITA,JavaScript,Venice,758538,68927939
ITA,Lua,Milan,765247,157745368
ITA,OCaml,Catania,1464,32463523
ITA,Objective-C,Milan,979596,163577154
ITA,Perl,Catania,1464,238992
ITA,Python,Bologna,765319,70573105
ITA,Python,Milan,481336,1303104
ITA,Python,Pisa,156350,64414002
ITA,Racket,Milan,481336,18059921
ITA,Ruby,Catania,11712,131857077
ITA,Ruby,Milan,489798,115793656
ITA,Ruby,Venice,1517076,89004099
ITA,Shell,Bologna,1530638,14693856
ITA,Shell,Milan,189274,929584
ITA,Shell,Venice,758538,68721925
ITA,Swift,Milan,244899,31015689
ITA,Swift,Venice,1517076,95894597
ITA,TeX,Bologna,765319,15372516
ITA,VimL,Milan,244899,51217484
JOR,JavaScript,Amman,43504,27064388
JOR,PHP,Amman,87008,18080282
JOR,Ruby,Amman,87008,65532090
JPN,Arduino,Tokyo,166852,28264565
JPN,C,Nagano,22716,674483
JPN,C,Tokyo,2136831,183478727
JPN,C#,Tokyo,904561,127347362
JPN,C++,Kanazawa,303874,9707640
JPN,C++,Tokyo,3223390,265994304
JPN,CMake,Tokyo,166852,61203974
JPN,CSS,Fukuoka,1610682,58313975
JPN,CSS,Nagoya,1448355,139360262
JPN,CSS,Tokyo,1891843,137791460
JPN,Clojure,Tokyo,1507852,39849871
JPN,CoffeeScript,Fukuoka,3221364,70801822
JPN,CoffeeScript,Nagoya,579342,36424471
JPN,CoffeeScript,Tokyo,96157,67761161
JPN,Emacs Lisp,Fukuoka,805341,3197359
JPN,Emacs Lisp,Tokyo,1533912,41396677
JPN,Erlang,Tokyo,4523556,129797101
JPN,Go,Nagoya,1448355,145743732
JPN,Go,Tokyo,7163104,667376660
JPN,HTML,Tokyo,3750163,407449117
JPN,Haskell,Tokyo,3135219,106611609
JPN,Java,Tokyo,2218211,141538536
JPN,JavaScript,Fukuoka,10469433,311120502
JPN,JavaScript,Kanazawa,303874,6517256
JPN,JavaScript,Nagano,159012,16733873
JPN,JavaScript,Nagoya,869013,12525604
JPN,JavaScript,Tokyo,25144144,1649007806
JPN,Jupyter Notebook,Tokyo,166852,67332941
JPN,Objective-C,Tokyo,3290162,139722265
JPN,PHP,Fukuoka,805341,49000440
JPN,PHP,Tokyo,1150986,86333204
JPN,Perl,Tokyo,651112,95729747
JPN,Puppet,Tokyo,449232,52064963
JPN,Python,Fukuoka,805341,16139724
JPN,Python,Kanazawa,911622,132836257
JPN,Python,Tokyo,1592417,400308392
JPN,Ruby,Fukuoka,3221364,96406830
JPN,Ruby,Nagoya,3186381,187274387
JPN,Ruby,Tokyo,5948689,827395644
JPN,Rust,Tokyo,233719,118660848
JPN,Shell,Kanazawa,607748,114097609
JPN,Shell,Tokyo,2460348,153515109
JPN,VimL,Tokyo,166852,16048083
KOR,HTML,Seoul,430802,48859674
KOR,Java,Seoul,1292406,94458788
KOR,JavaScript,Seoul,1723208,159748235
KOR,Objective-C,Seoul,430802,10222119
KOR,Python,Seoul,6892832,496779967
KOR,Rust,Seoul,430802,9685201
KOR,Shell,Seoul,861604,59764627
KOR,Swift,Seoul,430802,44440266
LBR,C,Greenville,865177,10036253
LBR,C++,Greenville,865177,4677002
LBR,CSS,Greenville,865177,21389593
LBR,JavaScript,Greenville,865177,20734199
LBR,Python,Greenville,865177,53504457
LBR,TeX,Greenville,865177,3574849
LTU,C++,Vilnius,533506,22038923
LTU,Clojure,Vilnius,533506,21659577
LTU,CoffeeScript,Vilnius,106574,4955076
LTU,Java,Vilnius,2134024,212752466
LTU,JavaScript,Vilnius,853228,71607446
LTU,Logos,Vilnius,533506,51215758
LTU,Lua,Vilnius,2667530,262436670
LTU,PHP,Vilnius,959166,31206281
LTU,Python,Vilnius,640080,47765519
LTU,Ruby,Vilnius,532870,98013517
LTU,TeX,Vilnius,106574,44869729
LTU,VimL,Vilnius,533506,43684756
LVA,C++,Riga,492026,26560900
LVA,JavaScript,Riga,1968104,198353352
LVA,PHP,Riga,984052,24093421
MEX,CSS,Mexico City,480241,14951193
MEX,Java,Mexico City,1243575,15341786
MEX,JavaScript,Mexico City,3679158,125977654
MEX,Liquid,Mexico City,480241,50882950
MEX,Objective-C,Mexico City,1741005,77123609
MEX,PHP,Mexico City,1440723,61617839
MEX,Ruby,Mexico City,1972531,154613374
MYS,C++,Kuala Lumpur,822510,8796336
MYS,CSS,Kuala Lumpur,831228,102165873
MYS,CoffeeScript,Kuala Lumpur,2467530,29872714
MYS,HTML,Kuala Lumpur,415614,72760023
MYS,JavaScript,Kuala Lumpur,15238230,525273078
MYS,PHP,Kuala Lumpur,2900580,349353869
MYS,Python,Kuala Lumpur,1030317,93115490
MYS,Ruby,Kuala Lumpur,822510,8051022
MYS,Shell,Kuala Lumpur,207807,42148482
MYS,VimL,Kuala Lumpur,822510,4692362
NGA,Java,Lagos,589382,9608723
NGA,JavaScript,Lagos,1473455,29526641
NGA,PHP,Lagos,589382,11269435
NGA,Python,Lagos,589382,68350143
NGA,Ruby,Lagos,884073,35096608
NIC,C,Granada,795597,5178233
NIC,HTML,Granada,1591194,121009686
NIC,Java,Granada,2386791,66107895
NIC,PHP,Granada,6364776,394295452
NIC,Python,Granada,795597,1846558
NIC,Ruby,Granada,795597,69860061
NIC,Shell,Granada,795597,33524284
NLD,ActionScript,Amsterdam,408083,30587365
NLD,C,The Hague,610248,48764965
NLD,C++,Amsterdam,901066,98923875
NLD,CSS,Amsterdam,925282,71180564
NLD,Go,Amsterdam,29125860,494120853
NLD,HTML,Amsterdam,85358,49939512
NLD,Java,Amsterdam,1934976,9415945
NLD,Java,The Hague,1830744,39555054
NLD,JavaScript,Amsterdam,6693879,348528870
NLD,JavaScript,The Hague,2631828,64790314
NLD,PHP,Amsterdam,2040415,231387359
NLD,PHP,The Hague,1830744,19173896
NLD,Perl,Amsterdam,170716,97884279
NLD,Python,Amsterdam,5804928,214835787
NLD,Python,The Hague,3178464,125816769
NLD,Ruby,Amsterdam,1053075,85658966
NLD,Scala,Amsterdam,85358,35941623
NLD,Shell,Amsterdam,280290,5484955
NLD,Shell,The Hague,610248,17035291
NOR,Arduino,Stavanger,574258,45530021
NOR,C,Oslo,295481,31950305
NOR,C,Stavanger,574258,43178682
NOR,C#,Ålesund,8462,46407214
NOR,C++,Oslo,295481,7668530
NOR,C++,Stavanger,574258,53678718
NOR,CSS,Oslo,295481,21433346
NOR,CSS,Stavanger,574258,15975897
NOR,CoffeeScript,Oslo,295481,71263480
NOR,Emacs Lisp,Oslo,2051028,195262932
NOR,Go,Stavanger,574258,24324209
NOR,Groovy,Ålesund,8462,859481
NOR,HTML,Oslo,1228281,151493793
NOR,HTML,Stavanger,301274,77454466
NOR,Java,Oslo,2253795,181318500
NOR,Java,Stavanger,3200854,421405880
NOR,Java,Ålesund,8462,197778
NOR,JavaScript,Oslo,1477405,109159528
NOR,JavaScript,Stavanger,1873411,146077683
NOR,JavaScript,Ålesund,33848,39767765
NOR,Lex,Oslo,295481,49427565
NOR,Nimrod,Stavanger,4019806,219422966
NOR,PHP,Stavanger,150637,45284714
NOR,Perl,Stavanger,150637,45459836
NOR,Perl,Ålesund,8462,9343887
NOR,Python,Oslo,1570119,167747999
NOR,Python,Stavanger,3596185,196359312
NOR,Python,Ålesund,16924,57570130
NOR,R,Stavanger,602548,150000328
NOR,Ruby,Stavanger,150637,56686939
NOR,Ruby,Ålesund,8462,12425
NOR,Scala,Stavanger,451911,113837458
NOR,Shell,Oslo,1911957,213170820
NOR,Shell,Stavanger,574258,30718156
NOR,Shell,Ålesund,8462,28816193
NOR,TeX,Oslo,341838,6111352
NOR,TypeScript,Stavanger,574258,48561187
NOR,VimL,Stavanger,574258,5355291
NOR,VimL,Ålesund,8462,64744514
NOR,XProc,Oslo,295481,17028087
NZL,C,Auckland,179978,4516421
NZL,CSS,Auckland,1832894,44887497
NZL,CSS,Wellington,540077,88196620
NZL,CoffeeScript,Auckland,359956,12054182
NZL,HTML,Wellington,476848,95747057
NZL,Java,Auckland,1832894,118984887
NZL,JavaScript,Auckland,2266282,139683398
NZL,JavaScript,Wellington,3488329,563612291
NZL,JavaScript,Westport,301345,38119367
NZL,Objective-C,Wellington,238424,33422957
NZL,Objective-C,Westport,2712105,48063507
NZL,PHP,Auckland,719912,217051214
NZL,PHP,Wellington,3523798,800580403
NZL,Python,Auckland,539934,37024327
NZL,Python,Wellington,715272,52878589
NZL,Ruby,Auckland,359956,63497444
NZL,Ruby,Westport,1205380,40225692
NZL,Rust,Wellington,238424,33358629
NZL,SQLPL,Westport,301345,1571229
NZL,Shell,Wellington,577892,65686087
NZL,Swift,Westport,3314795,538525115
NZL,TeX,Wellington,238424,51226058
NZL,TypeScript,Wellington,200609,59385076
NZL,VimL,Auckland,179978,467403
NZL,VimL,Wellington,238424,51791571
PAK,CSS,Hyderabad,34660,30424210
PAK,CoffeeScript,Hyderabad,17330,2970011
PAK,Java,Hyderabad,17330,6746671
PAK,JavaScript,Hyderabad,256526,208250877
PAK,Objective-C,Hyderabad,17330,2753823
PAK,PHP,Hyderabad,62402,10789683
PAK,Python,Hyderabad,207960,544045367
PAK,Ruby,Hyderabad,578948,120054511
PAK,Shell,Hyderabad,17330,7608878
PAK,Swift,Hyderabad,17330,8599361
PAK,TypeScript,Hyderabad,62402,62750766
PAN,CSS,Santiago,584752,43716991
PAN,CoffeeScript,Santiago,1403870,15028764
PAN,HTML,Santiago,388904,9503721
PAN,JavaScript,Santiago,9275426,135757823
PAN,PHP,Santiago,1403870,12572122
PAN,Python,Santiago,2807740,40951247
PAN,Ruby,Santiago,7895182,370679940
PAN,Shell,Santiago,933586,12657115
PAN,VimL,Santiago,701935,9393647
PER,CSS,Santiago,584752,43716991
PER,CoffeeScript,Santiago,1403870,15028764
PER,HTML,Santiago,388904,9503721
PER,JavaScript,Santiago,9275426,135757823
PER,PHP,Santiago,1403870,12572122
PER,Python,Santiago,2807740,40951247
PER,Ruby,Santiago,7895182,370679940
PER,Shell,Santiago,933586,12657115
PER,VimL,Santiago,701935,9393647
POL,C#,Szczecin,161359,43959405
POL,C++,Wroclaw,4901532,200418668
POL,Go,Warsaw,474662,58850225
POL,HTML,Szczecin,344261,67391384
POL,Java,Szczecin,1882664,224315532
POL,Java,Wroclaw,1633844,28579420
POL,JavaScript,Kraków,27437,34922046
POL,JavaScript,Szczecin,1377044,210333875
POL,JavaScript,Wroclaw,1633844,52549546
POL,Objective-C,Katowice,2888712,112726489
POL,Objective-C,Kraków,54874,59631364
POL,PHP,Katowice,962904,39375595
POL,Python,Warsaw,474662,4239874
POL,Python,Wroclaw,816922,13270326
POL,Ruby,Wroclaw,1633844,85016160
POL,Swift,Katowice,962904,69333463
PRT,CSS,Lisbon,575479,14553487
PRT,CoffeeScript,Lisbon,575479,18144011
PRT,HTML,Lisbon,790668,40498204
PRT,Java,Lisbon,1581336,34236772
PRT,JavaScript,Lisbon,9062563,442274475
PRT,PHP,Lisbon,3162672,135310741
PRT,Perl,Lisbon,790668,13915369
PRT,Python,Lisbon,3162672,174451610
PRT,Ruby,Lisbon,1941626,106666127
PRT,Shell,Lisbon,1726437,106502824
PRT,VimL,Lisbon,575479,45848949
PRY,Java,Rosario,208368,23202690
PRY,JavaScript,Rosario,625104,79303417
PRY,Lua,Rosario,104184,64572715
PRY,PHP,Rosario,1979496,389334103
PRY,Python,Rosario,104184,5960645
ROU,JavaScript,Cluj-Napoca,3765671,139751466
ROU,Objective-C,Bucharest,702161,12431078
ROU,PHP,Bucharest,988090,11133207
ROU,PHP,Cluj-Napoca,677145,17445501
ROU,Python,Alexandria,185633,12462840
ROU,Python,Bucharest,233393,68813775
ROU,Python,Cluj-Napoca,1805720,286839277
ROU,Ruby,Alexandria,371266,19887707
ROU,Ruby,Cluj-Napoca,451430,17648655
ROU,Shell,Cluj-Napoca,225715,52896498
ROU,VimL,Cluj-Napoca,225715,64542549
RUS,C,Chelyabinsk,2368371,99810878
RUS,C,Moscow,370832,33356096
RUS,C#,St. Petersburg,644905,11435520
RUS,C++,Chelyabinsk,789457,32473519
RUS,C++,Moscow,427058,67709410
RUS,CSS,Chelyabinsk,789457,32170351
RUS,CSS,Moscow,630560,53428587
RUS,CSS,St. Petersburg,644905,13462924
RUS,CoffeeScript,St. Petersburg,890700,38104861
RUS,HTML,Chelyabinsk,789457,34856290
RUS,HTML,Moscow,291660,53603781
RUS,Java,Moscow,1175863,104918789
RUS,JavaScript,Chelyabinsk,1578914,65869868
RUS,JavaScript,Moscow,4330138,213833551
RUS,JavaScript,St. Petersburg,24017255,778188457
RUS,Objective-C,Chelyabinsk,2368371,104908199
RUS,Objective-C,Moscow,291660,28133645
RUS,PHP,Moscow,21354903,921040008
RUS,Perl,Moscow,978304,23576312
RUS,Python,Chelyabinsk,789457,31251996
RUS,Python,Moscow,5660360,312404513
RUS,Ruby,Moscow,1672224,174484492
RUS,Shell,Moscow,848267,99505686
RUS,Swift,Chelyabinsk,5526199,233726367
RUS,TypeScript,Moscow,213852,10138635
RUS,VimL,Moscow,2934912,53655495
RWA,Arduino,Kigali,1913444,27179020
RWA,C,Kigali,1913444,75597461
RWA,C#,Kigali,2870166,27198232
RWA,C++,Kigali,956722,9926676
RWA,Eagle,Kigali,1913444,74287038
RWA,JavaScript,Kigali,1913444,51627357
RWA,Python,Kigali,3826888,91274415
RWA,Ruby,Kigali,956722,17628582
RWA,Shell,Kigali,1913444,78890233
SAU,Swift,Buraydah,1377636,268829224
SGP,C,Singapore,627410,37967993
SGP,C++,Singapore,1941050,53699132
SGP,CSS,Singapore,1530707,120839931
SGP,Go,Singapore,656820,46019299
SGP,HTML,Singapore,9855778,586893069
SGP,Java,Singapore,2627280,5916303
SGP,JavaScript,Singapore,19993344,1293546245
SGP,Objective-C,Singapore,656820,15356347
SGP,PHP,Singapore,339412,30494443
SGP,Perl,Singapore,844477,3854147
SGP,Python,Singapore,1976135,165024340
SGP,R,Singapore,222464,103284459
SGP,Ruby,Singapore,6762232,492200321
SGP,Rust,Singapore,656820,52403233
SGP,Scala,Singapore,1313640,57838696
SGP,Shell,Singapore,1941050,82539957
SGP,Swift,Singapore,1530707,108751203
SGP,TeX,Singapore,217067,15464087
SGP,VimL,Singapore,914591,67024698
SRB,ActionScript,Novi Sad,729576,2206479
SRB,C#,Novi Sad,2188728,86948468
SRB,CoffeeScript,Belgrade,1148518,82259496
SRB,Java,Novi Sad,2918304,59325950
SRB,JavaScript,Belgrade,4594072,229923367
SRB,JavaScript,Novi Sad,4377456,40541817
SRB,Matlab,Belgrade,574259,54054039
SRB,PHP,Novi Sad,729576,1744130
SRB,Python,Belgrade,1148518,93134207
SRB,Python,Novi Sad,729576,8042822
SRB,Ruby,Belgrade,1148518,83033276
SRB,Shell,Belgrade,574259,52008007
SWE,C#,Stockholm,627500,147771331
SWE,Erlang,Stockholm,15374180,296840297
SWE,HTML,Stockholm,655814,69866495
SWE,Java,Halmstad,186892,25516963
SWE,Java,Stockholm,7921493,290759131
SWE,JavaScript,Stockholm,5745486,388760787
SWE,JavaScript,Växjö,701037,47631714
SWE,PHP,Halmstad,93446,8298293
SWE,PHP,Stockholm,2969291,132359931
SWE,PHP,Växjö,701037,4072767
SWE,Protocol Buffer,Stockholm,10364,48459305
SWE,Python,Stockholm,61998,9680416
SWE,Ruby,Växjö,1402074,27694655
SWE,Shell,Stockholm,211811,172127430
SWE,VimL,Stockholm,416372,34130416
THA,CSS,Bangkok,811222,28967397
THA,Go,Bangkok,848552,29688666
THA,HTML,Bangkok,1697104,133716042
THA,JavaScript,Bangkok,2508326,58189522
THA,Jupyter Notebook,Bangkok,811222,62049539
THA,PHP,Bangkok,848552,69963840
THA,Perl,Bangkok,848552,29688691
THA,R,Bangkok,811222,55500069
THA,Ruby,Bangkok,14975296,711116432
THA,Shell,Bangkok,848552,49156681
TUR,Arduino,Istanbul,322099,15382518
TUR,HTML,Istanbul,322099,69469517
TUR,Java,Istanbul,644198,28039027
TUR,PHP,Istanbul,644198,36097279
TUR,Python,Istanbul,1288396,44415295
TUR,VimL,Istanbul,322099,16252232
TWN,C,Taipei,2513720,160644547
TWN,C++,Taipei,3770580,134158083
TWN,CSS,Taipei,499217,15280266
TWN,Cuda,Taipei,628430,41223756
TWN,Go,Taipei,584790,46876829
TWN,HTML,Taipei,1626864,115168519
TWN,JavaScript,Taipei,2995302,99829078
TWN,Jupyter Notebook,Taipei,628430,58925533
TWN,Lua,Taipei,1885290,174980415
TWN,Matlab,Taipei,628430,11886678
TWN,PHP,Taipei,499217,35479602
TWN,Python,Taipei,2796444,225433755
TWN,Ruby,Taipei,584790,49002833
TWN,Scala,Taipei,584790,50352428
TWN,Shell,Taipei,1256860,74526575
TWN,VimL,Taipei,628430,3961498
UGA,CSS,Kampala,532246,12990949
UGA,Go,Kampala,1064492,54471479
UGA,Java,Kampala,3193476,150754664
UGA,JavaScript,Kampala,3193476,118782631
UGA,Objective-C,Kampala,1064492,48666285
UGA,PHP,Kampala,532246,3931923
UGA,Puppet,Kampala,532246,21031353
UGA,Python,Kampala,1596738,30353429
UGA,Ruby,Kampala,1596738,88244788
UGA,VimL,Kampala,532246,9897996
UKR,C,Kiev,247596,30656702
UKR,C++,Kiev,165064,100306153
UKR,CSS,Kiev,82532,15697046
UKR,HTML,Kiev,82532,71186013
UKR,HaXe,Kiev,82532,5261827
UKR,Java,Kiev,165064,13583623
UKR,JavaScript,Kiev,742788,426031764
UKR,Python,Kiev,165064,44945477
UKR,TeX,Kiev,82532,2131355
URY,C#,Florida,3109785,156843514
URY,Clojure,Montevideo,962580,2170330
URY,JavaScript,Florida,1243914,29476552
USA,ASP,Cleveland,834187,21188077
USA,ActionScript,Harrisburg,91424,217625
USA,ActionScript,New York,6746,30563352
USA,ActionScript,San Francisco,274640,1829695
USA,ApacheConf,London,643852,56391604
USA,ApacheConf,San Francisco,406005,54692525
USA,AppleScript,Melbourne,12973,31804206
USA,AppleScript,Nashville,91483,66721372
USA,Arduino,Ann Arbor,1386030,87974401
USA,Arduino,Austin,158122,3568757
USA,Arduino,Boston,232098,28204592
USA,Arduino,Carlsbad,698270,69932063
USA,Arduino,Chicago,33752,27388513
USA,Arduino,Cleveland,834187,5692593
USA,Arduino,London,1727143,124366635
USA,Arduino,Manchester,586418,30490239
USA,Arduino,Melbourne,956530,10899636
USA,Arduino,Oakland,621936,17557818
USA,Arduino,Philadelphia,336415,5636599
USA,Arduino,San Francisco,728940,37477630
USA,Assembly,San Diego,435346,6771558
USA,Assembly,Vancouver,486773,79438265
USA,Awk,San Francisco,16725,49662359
USA,Brainfuck,San Francisco,16725,43178176
USA,C,Anchorage,730508,5789900
USA,C,Ann Arbor,3055766,226626589
USA,C,Austin,510172,102902490
USA,C,Bend,225743,8234021
USA,C,Carlsbad,1396540,74681754
USA,C,Chicago,33752,25826134
USA,C,Cleveland,834187,29768194
USA,C,Dallas,1892400,65650800
USA,C,Denver,655265,12563970
USA,C,Detroit,827767,43740711
USA,C,Dublin,2034812,51609611
USA,C,Durham,26024,500983
USA,C,Evanston,99519,271992
USA,C,Greenville,865177,10036253
USA,C,Lawrence,999016,32655353
USA,C,Lexington,152548,11827011
USA,C,London,3528245,105069625
USA,C,Manchester,586418,61939978
USA,C,Melbourne,3781035,24919923
USA,C,Minneapolis,1597971,45862917
USA,C,New York,499866,51397034
USA,C,Ontario,136850,2040259
USA,C,Philadelphia,1502135,100356253
USA,C,Portland,1270931,47773651
USA,C,Provo,329800,67550696
USA,C,Sacramento,3021149,192023479
USA,C,San Antonio,72604,5228341
USA,C,San Diego,435346,978475
USA,C,San Francisco,8789257,717883644
USA,C,San Jose,1949830,114928050
USA,C,Seattle,2005048,42463721
USA,C,Tulsa,1046644,51165663
USA,C,Vancouver,1217668,104727262
USA,C#,Akron,442623,81940721
USA,C#,Atlanta,1693500,598187890
USA,C#,Austin,1123638,172323503
USA,C#,Baltimore,162018,121934299
USA,C#,Birmingham,999096,14531791
USA,C#,Bloomington,490221,65517330
USA,C#,Burlington,250982,13481261
USA,C#,Cleveland,5839309,455591138
USA,C#,Detroit,827767,29501198
USA,C#,Duluth,77865,36850480
USA,C#,Fort Collins,141195,6554084
USA,C#,Harrisburg,91424,29554446
USA,C#,Indianapolis,1173342,12026468
USA,C#,London,2045066,124540882
USA,C#,Melbourne,3547925,294806016
USA,C#,Minneapolis,934915,33895348
USA,C#,New York,2866176,107781345
USA,C#,San Diego,142338,10661130
USA,C#,San Francisco,1225904,115153055
USA,C#,San Jose,52390,8406320
USA,C#,Scottsdale,4689445,102126061
USA,C#,Seattle,1420274,86960496
USA,C#,St. Paul,269232,118797160
USA,C#,St. Petersburg,644905,11435520
USA,C#,Tampa,1264068,197031709
USA,C#,Vancouver,1348075,144618383
USA,C#,Waterloo,480265,1077687
USA,C++,Ann Arbor,2216112,57223946
USA,C++,Atlanta,24726,20559320
USA,C++,Birmingham,365869,10711430
USA,C++,Columbia,215878,68771060
USA,C++,Denver,262106,5139614
USA,C++,Detroit,1655534,44776566
USA,C++,Dublin,508703,59615339
USA,C++,Durham,26024,46800184
USA,C++,Evanston,398076,42826172
USA,C++,Fort Collins,141195,12228354
USA,C++,Fort Wayne,6160777,106347582
USA,C++,Grand Rapids,164472,8183977
USA,C++,Greenville,865177,4677002
USA,C++,Lexington,152548,7761510
USA,C++,London,4713033,41067459
USA,C++,Los Angeles,844278,67659860
USA,C++,Manchester,1023422,63967181
USA,C++,Melbourne,2091468,189820607
USA,C++,Minneapolis,947262,48782860
USA,C++,New York,1403142,71675955
USA,C++,Ontario,273700,79580519
USA,C++,Philadelphia,3109691,95291657
USA,C++,Pittsburgh,1771168,127620115
USA,C++,Portland,1180443,174264146
USA,C++,Sacramento,4754120,79058570
USA,C++,San Diego,3402808,18486488
USA,C++,San Francisco,3123778,266240977
USA,C++,San Jose,474360,64903051
USA,C++,Santa Rosa,641147,44699579
USA,C++,Seattle,315417,17466579
USA,C++,Spokane,290124,36697565
USA,C++,Tampa,210678,4722511
USA,C++,Vancouver,1884078,267389250
USA,CSS,Akron,147541,26502523
USA,CSS,Ann Arbor,3344318,251430284
USA,CSS,Athens,2222100,77333956
USA,CSS,Atlanta,1087594,196274602
USA,CSS,Austin,3795569,245806497
USA,CSS,Bend,225743,59866516
USA,CSS,Berkeley,901457,50231744
USA,CSS,Birmingham,365869,15717007
USA,CSS,Boston,3752054,517157459
USA,CSS,Boulder,445613,49503595
USA,CSS,Burlington,125491,15633388
USA,CSS,Chicago,5462500,295316347
USA,CSS,Concord,1693866,32051009
USA,CSS,Dallas,305140,57464546
USA,CSS,Denver,2392954,42254425
USA,CSS,Detroit,1655534,58213674
USA,CSS,Dublin,72502,19706709
USA,CSS,Durham,635102,31879579
USA,CSS,Grand Rapids,164472,61643233
USA,CSS,Greenville,865177,21389593
USA,CSS,Indianapolis,586671,55538657
USA,CSS,Irvine,1424028,60149924
USA,CSS,Knoxville,1495622,64905637
USA,CSS,Las Vegas,3477644,66541121
USA,CSS,London,5973304,381648870
USA,CSS,Los Angeles,2349106,176482931
USA,CSS,Louisville,1368854,66344991
USA,CSS,Manchester,3223831,233246165
USA,CSS,Melbourne,4616003,223270242
USA,CSS,Minneapolis,1850658,173578526
USA,CSS,Nashville,91483,33208544
USA,CSS,New Haven,70484,9873463
USA,CSS,New York,5490887,489860982
USA,CSS,Philadelphia,3127814,153567705
USA,CSS,Pittsburgh,1788117,94687648
USA,CSS,Portland,2892341,188834922
USA,CSS,Providence,3115053,191260130
USA,CSS,Salt Lake City,282678,36318222
USA,CSS,San Diego,590609,44331542
USA,CSS,San Francisco,4241957,404121037
USA,CSS,Seattle,1016619,51559715
USA,CSS,St. Paul,134616,53762353
USA,CSS,St. Petersburg,644905,13462924
USA,CSS,Tampa,210678,69254415
USA,CSS,Tulsa,523322,16616789
USA,CSS,Virginia,66289,16988767
USA,CSS,Wales,415740,39697538
USA,Clojure,Buffalo,627537,67742716
USA,Clojure,Durham,1025462,517476823
USA,Clojure,Los Angeles,9240,2383588
USA,Clojure,Minneapolis,1264212,193236564
USA,Clojure,Philadelphia,2436861,104690243
USA,Clojure,San Francisco,185715,26900601
USA,Clojure,Sioux Falls,22138,16961591
USA,Clojure,Vancouver,450204,39035120
USA,CoffeeScript,Austin,128739,8812488
USA,CoffeeScript,Bend,225743,14311497
USA,CoffeeScript,Boise,631301,36471331
USA,CoffeeScript,Boston,690841,9064645
USA,CoffeeScript,Burlington,125491,8063027
USA,CoffeeScript,Carlsbad,2793080,153224244
USA,CoffeeScript,Chicago,1461612,81956708
USA,CoffeeScript,Concord,846933,19555430
USA,CoffeeScript,Dallas,152570,25660697
USA,CoffeeScript,London,743532,21079367
USA,CoffeeScript,Los Angeles,9240,1909389
USA,CoffeeScript,Melbourne,161137,24368796
USA,CoffeeScript,Minneapolis,934915,44281106
USA,CoffeeScript,New York,62430,41976747
USA,CoffeeScript,Oakland,621936,58010580
USA,CoffeeScript,Ontario,68425,8690061
USA,CoffeeScript,Philadelphia,812287,42534075
USA,CoffeeScript,Portland,1787576,46452533
USA,CoffeeScript,San Diego,284676,70874167
USA,CoffeeScript,San Francisco,1219762,20158196
USA,CoffeeScript,Seattle,131458,30323905
USA,CoffeeScript,St. Petersburg,890700,38104861
USA,CoffeeScript,Tulsa,523322,17605062
USA,ColdFusion,Davenport,234619,29800716
USA,Common Lisp,Durham,52048,50446902
USA,Common Lisp,Sacramento,950824,46078254
USA,Elixir,Chicago,395744,246432313
USA,Elixir,London,846963,60250879
USA,Elixir,Los Angeles,9240,67966224
USA,Elixir,Portland,77820,19252389
USA,Elixir,Salt Lake City,424017,59534412
USA,Elm,San Francisco,371430,139530283
USA,Emacs Lisp,Chicago,451456,1358564
USA,Emacs Lisp,Durham,52048,7742171
USA,Emacs Lisp,London,60604,2609207
USA,Emacs Lisp,Melbourne,161137,2253395
USA,Emacs Lisp,Minneapolis,105351,44125541
USA,Emacs Lisp,New Haven,70484,3930692
USA,Emacs Lisp,Portland,959505,124771245
USA,Emacs Lisp,San Francisco,829032,92204942
USA,Emacs Lisp,Sioux Falls,22138,26815089
USA,F#,Akron,147541,24652844
USA,F#,Atlanta,141125,63361847
USA,F#,Melbourne,322274,20148616
USA,F#,New York,8481,20938558
USA,F#,San Francisco,387933,888807
USA,Gnuplot,Missoula,69574,37938748
USA,Go,Ann Arbor,2490246,116570370
USA,Go,Athens,799101,18042754
USA,Go,Austin,34788,70615244
USA,Go,Boulder,114386,62508663
USA,Go,Burlington,376473,51056795
USA,Go,Chicago,2093513,219218301
USA,Go,Columbia,1079390,279612515
USA,Go,Denver,753967,35182500
USA,Go,Dublin,508703,68303840
USA,Go,Fort Collins,423585,143661301
USA,Go,Irvine,712014,30175129
USA,Go,Lawrence,999016,40273696
USA,Go,London,272718,187010976
USA,Go,Los Angeles,36960,76559790
USA,Go,Manchester,2050995,187388658
USA,Go,Minneapolis,105351,40579630
USA,Go,Nashville,182966,131917107
USA,Go,New York,2750904,564948053
USA,Go,Philadelphia,428901,63423895
USA,Go,Portland,352674,64119874
USA,Go,Provo,785152,138916964
USA,Go,San Diego,850702,41449442
USA,Go,San Francisco,1194697,136898357
USA,Go,San Jose,104780,126671675
USA,Go,Seattle,1754565,439491748
USA,Go,Tampa,105339,34758553
USA,Go,Vancouver,225102,51410729
USA,Go,Virginia,132578,84468506
USA,Groovy,Atlanta,895009,46389288
USA,Groovy,Detroit,128240,44553347
USA,Groovy,Lawrence,999016,50934128
USA,Groovy,London,235892,49136775
USA,Groovy,Melbourne,161137,51722314
USA,Groovy,Minneapolis,835945,80840290
USA,Groovy,Portland,336506,61073493
USA,Groovy,San Francisco,518768,21530899
USA,HCL,Austin,187273,66692336
USA,HCL,Manchester,683665,56097298
USA,HTML,Anchorage,730508,32829409
USA,HTML,Ann Arbor,1801544,125990169
USA,HTML,Athens,2845998,179790814
USA,HTML,Atlanta,141125,63015902
USA,HTML,Austin,2726216,313203890
USA,HTML,Boston,3691250,337572554
USA,HTML,Boulder,423487,64154285
USA,HTML,Buffalo,627537,71551388
USA,HTML,Charlotte,25826,52540381
USA,HTML,Chicago,3356377,147867439
USA,HTML,Cleveland,2502561,154838998
USA,HTML,Columbia,431756,121229785
USA,HTML,Detroit,1655534,80729855
USA,HTML,Grand Rapids,164472,13937683
USA,HTML,London,8015194,678751940
USA,HTML,Los Angeles,9240,63109712
USA,HTML,Manchester,2637413,228182971
USA,HTML,Melbourne,709585,70385714
USA,HTML,Minneapolis,389470,57020268
USA,HTML,Missoula,34787,49394311
USA,HTML,New York,1030360,247529360
USA,HTML,Oakland,621936,50158611
USA,HTML,Philadelphia,1791181,136306794
USA,HTML,Pittsburgh,413752,54943213
USA,HTML,Portland,874542,254476984
USA,HTML,Sacramento,950824,32706920
USA,HTML,San Francisco,3587602,307866455
USA,HTML,San Jose,52390,62603461
USA,HTML,Santa Cruz,938509,45288484
USA,HTML,Seattle,1682956,117929485
USA,HTML,Tampa,105339,34636960
USA,HTML,Vancouver,486773,94500227
USA,HTML,Wales,207870,50795936
USA,HaXe,Portland,255001,8224230
USA,Haskell,Ann Arbor,1660164,66272532
USA,Haskell,London,1930118,114374707
USA,Haskell,Los Angeles,9240,510886
USA,Haskell,Melbourne,322274,70989587
USA,Haskell,New York,8481,138169
USA,Haskell,San Francisco,49256,755624
USA,Haskell,San Jose,237180,13317163
USA,Haxe,Austin,386217,172870457
USA,Haxe,Manchester,2345672,171126886
USA,Haxe,Philadelphia,344924,17445450
USA,Jasmin,Durham,26024,28657279
USA,Java,Anchorage,1461016,7995864
USA,Java,Ann Arbor,830082,40424211
USA,Java,Annapolis,674684,100868919
USA,Java,Atlanta,895009,37831974
USA,Java,Austin,2940866,157729444
USA,Java,Berkeley,50745,13937763
USA,Java,Boston,371433,15222511
USA,Java,Buffalo,2300969,157360380
USA,Java,Burlington,125491,4433674
USA,Java,Carlsbad,9077510,436647346
USA,Java,Chicago,2105975,155535255
USA,Java,Cleveland,834187,37175336
USA,Java,Columbus,152508,370728
USA,Java,Concord,846933,37990207
USA,Java,Dallas,630800,59280347
USA,Java,Durham,52048,47648233
USA,Java,Eugene,58823,8285482
USA,Java,Fort Collins,282390,55018570
USA,Java,Grand Rapids,164472,45812310
USA,Java,Houston,74974,35550265
USA,Java,Huntsville,3799796,127765895
USA,Java,Irvine,298192,65037087
USA,Java,Lexington,762740,115730118
USA,Java,London,13198258,867578754
USA,Java,Los Angeles,3831308,264709394
USA,Java,Manchester,586418,29972957
USA,Java,Melbourne,3730985,67688496
USA,Java,Memphis,661715,1478113
USA,Java,Milwaukee,826584,23301097
USA,Java,Minneapolis,2514219,47502790
USA,Java,Missoula,34787,2484473
USA,Java,New York,2617886,231668489
USA,Java,Oakland,621936,16855256
USA,Java,Omaha,9272744,587569161
USA,Java,Ontario,273700,52126639
USA,Java,Philadelphia,8412314,398224237
USA,Java,Pittsburgh,413752,14580769
USA,Java,Portland,1609074,275264616
USA,Java,Provo,1649000,81912947
USA,Java,Raleigh,458251,64771973
USA,Java,Sacramento,3803296,128978322
USA,Java,Salt Lake City,565356,11184046
USA,Java,San Diego,1616564,47675515
USA,Java,San Francisco,11109272,980007076
USA,Java,San Jose,2320380,174217611
USA,Java,Santa Rosa,641147,35968391
USA,Java,Seattle,131458,48922932
USA,Java,Spokane,870372,56236388
USA,Java,Tampa,105339,30424311
USA,Java,Tulsa,523322,8530576
USA,Java,Vancouver,261671,34187769
USA,Java,Virginia,132578,5424426
USA,Java,Waterloo,147570,2043169
USA,JavaScript,Ann Arbor,6211782,543249882
USA,JavaScript,Annapolis,337342,95103586
USA,JavaScript,Athens,5867199,134063183
USA,JavaScript,Atlanta,8447745,274395569
USA,JavaScript,Austin,19121928,1292070762
USA,JavaScript,Baltimore,359002,827206
USA,JavaScript,Berkeley,101490,24794590
USA,JavaScript,Birmingham,731738,2129809
USA,JavaScript,Bloomington,980442,99592896
USA,JavaScript,Boise,3787806,218502916
USA,JavaScript,Boston,9506280,524785750
USA,JavaScript,Boulder,846974,53012001
USA,JavaScript,Bristol,82466,4312328
USA,JavaScript,Buffalo,886587,48759367
USA,JavaScript,Burlington,376473,108253334
USA,JavaScript,Carlsbad,3491350,203337974
USA,JavaScript,Charlotte,916817,171229307
USA,JavaScript,Chicago,33574063,1471280412
USA,JavaScript,Cleveland,3336748,161251812
USA,JavaScript,Concord,7622397,131084844
USA,JavaScript,Denver,1016073,33908628
USA,JavaScript,Detroit,1981927,328164446
USA,JavaScript,Duluth,77865,26097159
USA,JavaScript,Durham,10380350,552984694
USA,JavaScript,Eugene,823522,342101509
USA,JavaScript,Evanston,99519,13391659
USA,JavaScript,Fort Collins,282390,69467812
USA,JavaScript,Grand Rapids,822360,119646978
USA,JavaScript,Greenville,865177,20734199
USA,JavaScript,Harrisburg,91424,58740852
USA,JavaScript,Houston,609348,92575654
USA,JavaScript,Indianapolis,3520026,30465377
USA,JavaScript,Irvine,6408126,192142715
USA,JavaScript,Las Vegas,3477644,137072547
USA,JavaScript,Lexington,457644,63797775
USA,JavaScript,London,30892813,1938416866
USA,JavaScript,Los Angeles,953622,276124432
USA,JavaScript,Louisville,3716754,228082774
USA,JavaScript,Madison,1631380,55024238
USA,JavaScript,Manchester,4788591,424063469
USA,JavaScript,Melbourne,10988859,652743554
USA,JavaScript,Milwaukee,2479752,118543744
USA,JavaScript,Minneapolis,20400501,1233039234
USA,JavaScript,Nashville,457415,292916736
USA,JavaScript,New Haven,192618,41036058
USA,JavaScript,New Orleans,2952261,17362484
USA,JavaScript,New York,23731944,1432275015
USA,JavaScript,Omaha,713288,2115696
USA,JavaScript,Philadelphia,11642820,764184698
USA,JavaScript,Phoenix,1298652,4577011
USA,JavaScript,Pittsburgh,669677,56906625
USA,JavaScript,Portland,11202254,739379969
USA,JavaScript,Providence,3477896,211347508
USA,JavaScript,Provo,329800,17274828
USA,JavaScript,Sacramento,506031,111222943
USA,JavaScript,Salt Lake City,565356,33251961
USA,JavaScript,San Antonio,107103,2717195
USA,JavaScript,San Diego,10860146,743669669
USA,JavaScript,San Francisco,40696603,3045736517
USA,JavaScript,San Jose,261950,53139995
USA,JavaScript,San Marcos,1610796,21674559
USA,JavaScript,Santa Rosa,10419503,542384159
USA,JavaScript,Scottsdale,2813667,138515255
USA,JavaScript,Seattle,9203189,307179402
USA,JavaScript,Spokane,1450620,149903217
USA,JavaScript,St. Petersburg,24017255,778188457
USA,JavaScript,Tampa,210678,47778381
USA,JavaScript,Tulsa,2093288,87335399
USA,JavaScript,Vancouver,5982056,797652779
USA,JavaScript,Virginia,198867,61985469
USA,JavaScript,Wales,207870,4584417
USA,JavaScript,Waterloo,1770840,15590788
USA,Jupyter Notebook,Boulder,114386,60873352
USA,Jupyter Notebook,Los Angeles,844278,64619161
USA,Jupyter Notebook,Missoula,208722,201752805
USA,Jupyter Notebook,San Francisco,142306,56440969
USA,Jupyter Notebook,Seattle,700564,118441062
USA,Jupyter Notebook,Vancouver,602782,122595973
USA,KiCad,Austin,255086,60811621
USA,Kotlin,Burlington,125491,24503615
USA,Kotlin,Carlsbad,698270,69935359
USA,Kotlin,Chicago,50755,39869855
USA,Kotlin,Omaha,713288,58885457
USA,Kotlin,Seattle,131458,49966208
USA,Lua,Ann Arbor,1111896,4630995
USA,Lua,Chicago,33752,48195456
USA,Lua,Pittsburgh,413752,60220203
USA,Lua,Tulsa,523322,3496263
USA,Makefile,Atlanta,12363,54418816
USA,Makefile,Berkeley,50745,63279814
USA,Makefile,San Francisco,271030,117097487
USA,Makefile,San Jose,52390,61321817
USA,Makefile,Vancouver,450204,111313327
USA,Matlab,Evanston,99519,10938698
USA,Matlab,Los Angeles,844278,37823770
USA,Matlab,Melbourne,956530,11476261
USA,Matlab,Pittsburgh,413752,28248338
USA,Matlab,Sacramento,950824,69302159
USA,Nginx,San Francisco,146222,26135489
USA,Nginx,Seattle,159209,42156080
USA,Nimrod,New York,8481,33140933
USA,Nix,Ann Arbor,830082,57331133
USA,OCaml,Los Angeles,9240,538433
USA,OCaml,New York,8481,65403394
USA,OCaml,Portland,529011,54016502
USA,OCaml,Sacramento,950824,49898909
USA,Objective-C,Ann Arbor,149062,62755345
USA,Objective-C,Austin,1797450,85979441
USA,Objective-C,Birmingham,999096,25403053
USA,Objective-C,Burlington,1003928,58786078
USA,Objective-C,Chicago,225728,831287
USA,Objective-C,Denver,1048424,24588028
USA,Objective-C,Dublin,508703,12984615
USA,Objective-C,Fort Wayne,1760222,34910236
USA,Objective-C,Houston,464178,53601367
USA,Objective-C,Las Vegas,869411,7333511
USA,Objective-C,London,779614,43986530
USA,Objective-C,Los Angeles,310016,2388932
USA,Objective-C,Manchester,586418,30645576
USA,Objective-C,Melbourne,9883192,183254897
USA,Objective-C,Minneapolis,1065314,8186809
USA,Objective-C,New York,6634525,216424261
USA,Objective-C,Omaha,1426576,15487860
USA,Objective-C,Philadelphia,336415,2444922
USA,Objective-C,Pittsburgh,267602,7838654
USA,Objective-C,Portland,6878049,255350835
USA,Objective-C,Salt Lake City,282678,8966574
USA,Objective-C,San Diego,2953045,47809379
USA,Objective-C,San Francisco,4596764,160284155
USA,Objective-C,Scottsdale,937889,43319788
USA,Objective-C,Seattle,701303,87553611
USA,Objective-C,Tulsa,4186576,97270385
USA,Objective-C,Vancouver,785013,100863425
USA,Objective-C,Virginia,198867,4092808
USA,OpenEdge ABL,Missoula,34787,26167877
USA,OpenEdge ABL,New York,244622,10605487
USA,PHP,Ann Arbor,282760,24370962
USA,PHP,Annapolis,337342,4498210
USA,PHP,Athens,799101,40709733
USA,PHP,Atlanta,1771106,32644405
USA,PHP,Austin,5131440,179064132
USA,PHP,Birmingham,2561083,22117361
USA,PHP,Boston,14226868,266337709
USA,PHP,Buffalo,418358,69523261
USA,PHP,Chicago,2004918,66398827
USA,PHP,Columbia,1727024,306757199
USA,PHP,Concord,846933,24548481
USA,PHP,Davenport,234619,64570572
USA,PHP,Detroit,8918870,322684911
USA,PHP,Durham,1218156,37288371
USA,PHP,Eugene,344696,67791609
USA,PHP,Grand Rapids,2631552,605146144
USA,PHP,Houston,154726,49743852
USA,PHP,Irvine,6408126,186770755
USA,PHP,Lincoln,931937,8180751
USA,PHP,London,4416654,487089034
USA,PHP,Los Angeles,597406,41054291
USA,PHP,Madison,799088,20038875
USA,PHP,Melbourne,8593814,317423316
USA,PHP,Minneapolis,4014159,385613555
USA,PHP,Nashville,274449,140649458
USA,PHP,New Orleans,4920435,35300134
USA,PHP,New York,2093716,232349922
USA,PHP,Omaha,713288,3008769
USA,PHP,Philadelphia,1123723,25797548
USA,PHP,Portland,1041854,143547251
USA,PHP,Sacramento,2698832,503881201
USA,PHP,San Antonio,72604,1365866
USA,PHP,San Diego,4395848,95120016
USA,PHP,San Francisco,10464049,487322788
USA,PHP,Scottsdale,1875778,22425207
USA,PHP,Seattle,4423853,131278177
USA,PHP,Spokane,4351860,494205027
USA,PHP,Tulsa,523322,17966466
USA,PHP,Wales,2494440,358782822
USA,PLpgSQL,Chicago,664001,11334804
USA,PLpgSQL,Philadelphia,812287,31818953
USA,Perl,Ann Arbor,141380,8367719
USA,Perl,Atlanta,49452,6048545
USA,Perl,Berkeley,304470,126529093
USA,Perl,Buffalo,418358,2304620
USA,Perl,Chicago,2656004,37899243
USA,Perl,Columbia,215878,68985998
USA,Perl,Denver,131053,4209130
USA,Perl,Dublin,1526109,3549982
USA,Perl,Durham,26024,1340579
USA,Perl,Fort Collins,141195,19553251
USA,Perl,London,5773874,29077694
USA,Perl,Los Angeles,8509428,274015143
USA,Perl,Manchester,683665,58799934
USA,Perl,Nashville,182966,76918902
USA,Perl,New York,58860,190655
USA,Perl,Portland,352674,63829059
USA,Perl,San Diego,850702,14124910
USA,Perl,San Francisco,4542363,86596375
USA,Perl,Virginia,66289,3634439
USA,Perl6,Columbia,215878,68985958
USA,Perl6,London,14728380,932187617
USA,PostScript,London,1712702,88437623
USA,PowerShell,Akron,737705,138839973
USA,PowerShell,Austin,561819,108775377
USA,PowerShell,Minneapolis,766768,67147958
USA,PowerShell,Seattle,159209,32305449
USA,Processing,Manchester,1172836,101699476
USA,Processing,Minneapolis,105351,16894159
USA,Prolog,Berkeley,253725,144717990
USA,Prolog,Chicago,664001,4497536
USA,Prolog,London,965059,65684759
USA,Prolog,Philadelphia,672830,8613870
USA,Prolog,Sacramento,950824,46539108
USA,Puppet,Austin,279646,15990552
USA,Puppet,Detroit,128240,13348587
USA,Puppet,Manchester,3418325,248665192
USA,Puppet,Philadelphia,336415,5298227
USA,Puppet,Sacramento,506031,77462687
USA,Python,Akron,442623,55250391
USA,Python,Alexandria,185633,12462840
USA,Python,Anchorage,8766096,221036457
USA,Python,Ann Arbor,4048770,177132362
USA,Python,Athens,15477786,811613106
USA,Python,Austin,2221811,311637511
USA,Python,Berkeley,2016106,111253343
USA,Python,Boise,631301,44927169
USA,Python,Boston,17581192,708918672
USA,Python,Buffalo,259050,3501641
USA,Python,Chicago,5748800,419138711
USA,Python,Dallas,315400,32047373
USA,Python,Detroit,827767,23763616
USA,Python,Dublin,2543515,90555347
USA,Python,Evanston,1393266,191947669
USA,Python,Fort Collins,141195,14905900
USA,Python,Fort Wayne,2640333,38882206
USA,Python,Greenville,865177,53504457
USA,Python,Houston,928356,97700349
USA,Python,Irvine,861110,100116996
USA,Python,Lawrence,12987208,455914455
USA,Python,Lexington,152548,13480983
USA,Python,London,30557995,1445303693
USA,Python,Los Angeles,853518,37378084
USA,Python,Manchester,2637413,243269832
USA,Python,Melbourne,2577560,165744879
USA,Python,Minneapolis,433103,169093817
USA,Python,Missoula,347870,333865710
USA,Python,Nashville,548898,326046812
USA,Python,New Haven,10330,14350155
USA,Python,New York,2517591,334452370
USA,Python,Oakland,621936,14219532
USA,Python,Ontario,478975,31684923
USA,Python,Philadelphia,2215620,90541186
USA,Python,Pittsburgh,3723768,361519778
USA,Python,Portland,4028776,247083331
USA,Python,Providence,869474,17450292
USA,Python,Provo,392576,19545578
USA,Python,Sacramento,1119501,55386722
USA,Python,Salt Lake City,141339,355955
USA,Python,San Antonio,3821640,65935826
USA,Python,San Diego,10910625,464717945
USA,Python,San Francisco,24924834,2070859331
USA,Python,San Jose,157170,109260017
USA,Python,Santa Rosa,5129176,215564752
USA,Python,Seattle,8186650,588872264
USA,Python,Spokane,870372,57871978
USA,Python,St. Paul,269232,107806836
USA,Python,Vancouver,1208158,170492405
USA,R,Ann Arbor,830082,30776532
USA,R,Boulder,22126,9990169
USA,R,Los Angeles,844278,37792782
USA,R,Nashville,91483,66506565
USA,R,Sacramento,1901648,96657802
USA,R,San Francisco,221955,14559262
USA,REALbasic,Pittsburgh,133801,323622
USA,Racket,San Francisco,149107,7334360
USA,Ruby,Alexandria,371266,19887707
USA,Ruby,Anchorage,4383048,102920942
USA,Ruby,Ann Arbor,442680,10127144
USA,Ruby,Annapolis,1012026,36220892
USA,Ruby,Athens,799101,44386965
USA,Ruby,Atlanta,1246817,349287360
USA,Ruby,Austin,3488948,280104815
USA,Ruby,Baltimore,216024,17991305
USA,Ruby,Bend,3611888,199115173
USA,Ruby,Boston,15169020,718437326
USA,Ruby,Boulder,4291053,405458461
USA,Ruby,Bristol,3927665,103718694
USA,Ruby,Burlington,501964,34854397
USA,Ruby,Charlotte,12112310,388655087
USA,Ruby,Chicago,10310242,1041884505
USA,Ruby,Columbia,215878,19513145
USA,Ruby,Denver,2392954,24705423
USA,Ruby,Detroit,3311068,66258584
USA,Ruby,Duluth,77865,5170629
USA,Ruby,Durham,3045390,112055578
USA,Ruby,Evanston,298557,37531842
USA,Ruby,Fort Smith,636909,61533530
USA,Ruby,Fort Wayne,1760222,58622151
USA,Ruby,Indianapolis,892104,3481933
USA,Ruby,Lexington,152548,1736103
USA,Ruby,London,8997213,433588370
USA,Ruby,Los Angeles,55440,77636338
USA,Ruby,Lowell,511866,3712542
USA,Ruby,Madison,431652,28168763
USA,Ruby,Manchester,2734660,199132262
USA,Ruby,Melbourne,5546382,250961897
USA,Ruby,Minneapolis,11595439,1067735608
USA,Ruby,New Haven,756490,158857842
USA,Ruby,New York,6909743,807976178
USA,Ruby,Oakland,5597424,380507450
USA,Ruby,Omaha,1426576,21758225
USA,Ruby,Ontario,136850,7857635
USA,Ruby,Philadelphia,13701391,305860889
USA,Ruby,Pittsburgh,523527,3893950
USA,Ruby,Portland,3654517,151728806
USA,Ruby,Provo,6925800,552400198
USA,Ruby,Sacramento,2239002,116310611
USA,Ruby,Salt Lake City,1413390,96954748
USA,Ruby,San Antonio,214206,5263110
USA,Ruby,San Diego,5857835,150444213
USA,Ruby,San Francisco,34171279,1403897738
USA,Ruby,San Jose,52390,69335556
USA,Ruby,Santa Rosa,1282294,104100785
USA,Ruby,Seattle,8710576,337828934
USA,Ruby,Tampa,421356,139530992
USA,Ruby,Tulsa,4186576,39636773
USA,Ruby,Virginia,198867,42616620
USA,Ruby,Wales,415740,62931831
USA,Rust,Ann Arbor,2490246,187641091
USA,Rust,Fort Collins,141195,33705611
USA,Rust,London,188487,69396811
USA,Rust,New York,8481,26141003
USA,Rust,San Francisco,490486,140436933
USA,Rust,Vancouver,675306,138711135
USA,Scala,Detroit,827767,7504525
USA,Scala,London,9148401,521286191
USA,Scala,New York,405941,10779322
USA,Scala,Portland,904164,110664858
USA,Scala,San Francisco,719708,115097351
USA,Scala,Seattle,638785,10177861
USA,Scheme,Anchorage,730508,22773651
USA,Shell,Anchorage,1461016,17637510
USA,Shell,Ann Arbor,830082,40685908
USA,Shell,Athens,2222100,86326380
USA,Shell,Austin,158122,33696418
USA,Shell,Berkeley,50745,441909
USA,Shell,Boston,2604409,151311406
USA,Shell,Boulder,423487,12637620
USA,Shell,Carlsbad,698270,11166714
USA,Shell,Charlotte,2595495,118799486
USA,Shell,Chicago,4118121,229533020
USA,Shell,Columbia,431756,111319261
USA,Shell,Dallas,320501,2073325
USA,Shell,Denver,262106,3776147
USA,Shell,Dublin,508703,12617323
USA,Shell,Durham,1827234,61268855
USA,Shell,Fort Collins,141195,38976512
USA,Shell,Huntsville,131340,4486350
USA,Shell,Irvine,712014,13705020
USA,Shell,Lawrence,1998032,63963124
USA,Shell,London,7723289,305306581
USA,Shell,Los Angeles,9240,2266971
USA,Shell,Louisville,294619,25998004
USA,Shell,Manchester,683665,44710195
USA,Shell,Melbourne,1471768,70269215
USA,Shell,Minneapolis,3835425,222665482
USA,Shell,Missoula,69574,122753472
USA,Shell,Nashville,182966,133701204
USA,Shell,New Haven,151298,47499214
USA,Shell,New York,527004,220125987
USA,Shell,Omaha,713288,12981630
USA,Shell,Philadelphia,1461006,34320879
USA,Shell,Pittsburgh,1497181,172923457
USA,Shell,Portland,4565377,366818264
USA,Shell,Provo,392576,65959488
USA,Shell,Sacramento,2070325,84387279
USA,Shell,Salt Lake City,141339,2588001
USA,Shell,San Antonio,363020,3443441
USA,Shell,San Diego,857476,17926913
USA,Shell,San Francisco,1503736,277193240
USA,Shell,San Jose,52390,42159780
USA,Shell,Santa Rosa,641147,15716113
USA,Shell,Seattle,2663377,212824305
USA,Shell,Tampa,105339,53966340
USA,Shell,Tulsa,523322,2225842
USA,Shell,Vancouver,748444,162903181
USA,Swift,Melbourne,1450233,442757060
USA,Swift,New York,4309245,227128239
USA,Swift,San Francisco,7748351,820581755
USA,Swift,Vancouver,785013,123682744
USA,TeX,Evanston,99519,16212235
USA,TeX,Greenville,865177,3574849
USA,TeX,Minneapolis,532657,21809758
USA,TeX,Portland,176337,5022122
USA,TeX,San Francisco,552227,27720696
USA,TeX,San Jose,237180,44206610
USA,TeX,Seattle,1050846,107397230
USA,TypeScript,Boise,631301,63363198
USA,TypeScript,Chicago,50755,55540198
USA,TypeScript,London,276715,52104467
USA,TypeScript,Melbourne,322274,78565155
USA,TypeScript,Milwaukee,826584,63131449
USA,TypeScript,New York,62430,40323631
USA,TypeScript,San Francisco,473248,102064954
USA,TypeScript,Tulsa,523322,8966886
USA,VHDL,San Jose,711540,60185606
USA,Verilog,San Jose,2371800,252419278
USA,VimL,Akron,295082,22720694
USA,VimL,Atlanta,895009,23751848
USA,VimL,Austin,128739,17264323
USA,VimL,Baltimore,54006,4514931
USA,VimL,Birmingham,999096,40305594
USA,VimL,Boston,804046,10748251
USA,VimL,Chicago,1811955,173362710
USA,VimL,Huntsville,949949,18149912
USA,VimL,Irvine,1424028,14399818
USA,VimL,Las Vegas,869411,6853282
USA,VimL,Lawrence,999016,14055693
USA,VimL,London,49294,22601189
USA,VimL,Los Angeles,18480,2858094
USA,VimL,Melbourne,12973,121210
USA,VimL,Minneapolis,194735,27775898
USA,VimL,New Haven,10330,43316971
USA,VimL,New York,58860,24395841
USA,VimL,Philadelphia,1158536,46435405
USA,VimL,Portland,200665,7905125
USA,VimL,Provo,659600,8977672
USA,VimL,Sacramento,168677,6664698
USA,VimL,Salt Lake City,141339,2762306
USA,VimL,San Francisco,2869032,233718264
USA,VimL,San Jose,52390,19918511
USA,Web Ontology Language,Berkeley,253725,194427383
USA,XQuery,New York,2600451,175106373
USA,XSLT,New York,371493,21444613
UZB,JavaScript,Tashkent,1296447,120820679
VEN,C,Caracas,185763,3271170
VEN,C#,Barcelona,1876184,152669571
VEN,C++,Barcelona,4690460,412312760
VEN,C++,Caracas,371526,5578714
VEN,CSS,Barcelona,684539,34659721
VEN,Cuda,Barcelona,469046,9754810
VEN,D,Barcelona,469046,17203297
VEN,Emacs Lisp,Barcelona,684539,13382636
VEN,HTML,Barcelona,469046,64661492
VEN,Java,Caracas,557289,12461912
VEN,JavaScript,Barcelona,8937651,532741085
VEN,PHP,Barcelona,3536606,222645429
VEN,Python,Barcelona,684539,14719789
VEN,Python,Caracas,371526,8815762
VEN,Ruby,Barcelona,684539,3810522
VEN,Ruby,Caracas,743052,22820335
VEN,Scala,Barcelona,2053617,108343001
VEN,Shell,Barcelona,2053617,78841045
VEN,VimL,Caracas,185763,8305421
VNM,JavaScript,Ho Chi Minh City,4989240,84631536
VNM,Ruby,Ho Chi Minh City,17462340,163227125
ZAF,C,Cape Town,352602,39343155
ZAF,C#,Cape Town,631512,35530081
ZAF,CSS,Cape Town,1052520,176521196
ZAF,CoffeeScript,Cape Town,24962,12489037
ZAF,Emacs Lisp,Cape Town,352602,42370174
ZAF,HTML,Cape Town,421008,81060230
ZAF,JavaScript,Cape Town,5022372,542099179
ZAF,PHP,Cape Town,679660,28857802
ZAF,Python,Cape Town,991173,53620394
ZAF,Ruby,Cape Town,99848,145625245
ZAF,Rust,Cape Town,117534,17342650
ZAF,Scheme,Cape Town,117534,283093
ZAF,Shell,Cape Town,74886,116290304
