company,language,Repositories_count
Atlassian,Clojure,64
Rent.com,Perl,52
Meraki,JavaScript,52
Valu Digital Oy,JavaScript,52
One Red Dog Media Pty Ltd,Objective-C,44
@stampr ,JavaScript,44
Jinlabs Ltd,JavaScript,42
TBODA Pty Ltd,C#,42
LARION Computing,Ruby,42
,JavaScript,38
Aloudly Education,JavaScript,38
Independent contractor,JavaScript,36
@AblePear,C,32
Atlassian,JavaScript,32
Ionata Digital,JavaScript,30
Basho Technologies,Ruby,30
Financial Times,JavaScript,30
Sands Consulting Sdn. Bhd.,JavaScript,30
Onefeat,Ruby,30
Tascent,Verilog,30
Sands Consulting Sdn. Bhd.,PHP,30
"Plecco Technologies, Inc.",Ruby,28
Zenefits,Ruby,28
W+K,JavaScript,27
Espians,Go,27
BuilderTREND,Java,26
Heroku,Ruby,26
Happy Nerd Shirts,JavaScript,26
"Localize, Techstars, YC",JavaScript,26
http://cutbot.net/,Perl,25
"AETROS.com, @aetros ",PHP,24
Agiliq,Python,24
depop,Scala,24
Fitbit,Swift,24
Clock Limited,Shell,24
Tascent,C,24
Atlassian,Java,24
51NB,Objective-C,23
27AE60,JavaScript,22
Pragmateam,JavaScript,22
DroniX Dev Team,C,22
GitHub,Ruby,22
GitHub,Erlang,22
Cronofy,Ruby,22
Kafoodle,PHP,21
Independent contractor,Clojure,21
MoneyDesktop,Ruby,21
@sensiolabs SensioLabs,PHP,21
Mesa Funds,C++,20
Thousand Eyes Inc.,C++,20
Facebook,Python,20
Skyscanner,JavaScript,20
Modyo,Ruby,20
@ThoughtWorksInc,Puppet,20
Continuity Control,Ruby,20
Google,Go,20
Selesti,PHP,20
Lanetix,JavaScript,20
REA Group,Swift,18
Kryptnostic,Shell,18
Skulski Research Group,JavaScript,18
Ricepo,JavaScript,18
GovDelivery,Ruby,18
Lowe's Home Improvement,JavaScript,18
"Expedia, Inc.",Ruby,18
Increments Inc.,Ruby,18
Freelance WordPress Dev,PHP,18
Catalyst IT,JavaScript,18
Google,Emacs Lisp,17
Templateninja.net,JavaScript,17
Iridescent,Ruby,17
Front End Developer @Anafore ,JavaScript,17
Ars Machina Tecnologia da Informação Ltda.,Java,17
HP,ActionScript,17
Fitbit,Objective-C,16
@trello ,JavaScript,16
Wyndow,PHP,16
@ThoughtWorksInc,Ruby,16
@EastCoastProduct ,CSS,16
Adzerk,Clojure,16
S. Quinton Green,JavaScript,16
Le Blog de Genma,TeX,16
Clowns and Puppets,Python,16
"Ustream, Inc.",Java,16
Pragmateam,Ruby,16
SmartSoftAsia,Ruby,16
Facebook,C,16
Meltwater,Go,15
UC Davis (MS student),C++,15
Certified Symfony developer,PHP,15
Jobber,Ruby,15
Heriot Watt University,Java,15
THEMWEBS,JavaScript,15
Espians,Python,15
https://www.codepan.io,JavaScript,15
Greenflex,PHP,15
"Pamiris, Inc.",PHP,15
Kinertia LLC,Ruby,15
JoliCode,JavaScript,15
18F + personal projects,JavaScript,14
OpenLearning Global Pty Ltd.,Go,14
383project,PHP,14
Calibreworks,PHP,14
Thrive TRM,JavaScript,14
@EastCoastProduct ,JavaScript,14
SilverStripe,PHP,14
"Available (Berlin, Hamburg, Athens, wordwide)",PHP,14
Red Hat,HTML,14
freelance full-stack dev,Go,14
BaristaVentures,Ruby,13
Angelic Computing,Ruby,13
The Code Venture,JavaScript,13
gutocarvalho.net,Shell,13
Berlin,Objective-C,13
LINE Fukuoka,JavaScript,13
Twitter,JavaScript,13
Berlin,Swift,12
The Guardian,Ruby,12
@ThoughtWorksInc,CSS,12
@ThoughtWorksInc,Go,12
Facebook,Perl,12
UC Davis (MS student),Java,12
Ionata Digital,PHP,12
Stripe,Python,12
Data Processors,C#,12
Crowdcube,PHP,12
LARION Computing,JavaScript,12
@ThoughtWorksInc,HTML,12
Stripe,Perl,12
Paperpile,JavaScript,12
Clock Limited,JavaScript,12
Secret,JavaScript,12
@financeit ,JavaScript,12
Sands Consulting Sdn. Bhd.,CSS,12
Opal Labs,JavaScript,12
LinkedIn,Perl,12
Mascoteros.com,PHP,12
Fitbit,Ruby,12
Basho Technologies,Java,12
Basho Technologies,JavaScript,12
The Guardian,Java,12
Opal Labs,CoffeeScript,12
MIT PSFC,Python,12
@ThoughtWorksInc,Python,12
Machine Doing,Python,12
YP Holdings,Ruby,12
Systemsmiths,C#,12
Cirrus Machina,Clojure,12
devCrowd GmbH,C#,12
Aconex,JavaScript,12
Heroku,JavaScript,12
Kryptnostic,JavaScript,12
Square,Ruby,12
Socure,Python,12
DigitalH2O,JavaScript,11
GameLearn,JavaScript,11
Marcel Digital,Ruby,11
JoliCode,PHP,11
Solairis Industries,Java,11
Shipito LLC,PHP,11
G-mode,Perl,11
Meruvian,JavaScript,11
"Toppa Consulting, LLC",PHP,11
MeYou Health,Ruby,11
LinkedIn,C,10
Google,Python,10
Pivotal Software Inc.,JavaScript,10
Twitter,Java,10
"Parler Haut, Interagir Librement",PHP,10
"SRAN Technology Co., Ltd",Ruby,10
NLB,JavaScript,10
YP Holdings,JavaScript,10
Invert Game Studios LLC,C#,10
211.90 Consulting LLC,PHP,10
OpenLearning Global Pty Ltd.,Objective-C,10
"AETROS.com, @aetros ",JavaScript,10
Skulski Research Group,Python,10
Defective Studios,C#,10
@vinted ,PHP,9
"University of California, Irvine",JavaScript,9
"University of California, Irvine",PHP,9
IMMUNIO,JavaScript,9
Microsoft,Go,9
UC Davis (MS student),C,9
Increments Inc.,JavaScript,9
depop,Java,9
Independent contractor,Java,9
Basho Technologies,Elixir,9
Nokia gate5,Java,9
AbiEzzi Consulting,Ruby,9
Independent contractor,TypeScript,9
Simmer,Ruby,9
Red Hat,JavaScript,9
The Guardian,JavaScript,9
@Automattic ,JavaScript,9
Fictive Kin,JavaScript,9
@imin-ltd,CSS,9
Jinlabs Ltd,PHP,9
Opal Labs,Ruby,9
Lainsoft Foundation,JavaScript,9
W+K,Ruby,9
Carnegie Mellon University,Python,9
Coventry University,Swift,9
Red Hat,Ruby,9
EF Education First,JavaScript,9
Tascent,VHDL,9
Autodesk,Ruby,9
Red Hat,Python,8
The Tandem Group,Ruby,8
Fitbit,JavaScript,8
Heriot Watt University,JavaScript,8
Inbank Technologies,Ruby,8
LinkedIn,Python,8
https://angel.co/trucktrack,JavaScript,8
Defective Studios,Java,8
Happy Nerd Shirts,Ruby,8
CEF,Java,8
Rational Interaction,JavaScript,8
Mesa Funds,C#,8
Agiliq,JavaScript,8
Secret,Ruby,8
OpenLearning Global Pty Ltd.,Java,8
"Opt-6 Products, LLC",Objective-C,8
Twitter,Scala,8
Rackspace,Python,8
GameLearn,Java,8
Axion Commerce,JavaScript,8
TBODA Pty Ltd,JavaScript,8
Logic Squad,Java,8
DTS,Java,8
Ricepo,C#,8
"Android Engineer @ Musixmatch, Android GDE",Java,8
Vide Infra Group,JavaScript,8
GitHub,C,8
meliuz,Python,8
YP Holdings,Go,8
La Magia en Arda,PHP,8
Freelance WordPress Dev,CSS,8
@DXMarkets ,Python,8
REA Group,JavaScript,8
"Ustream, Inc.",JavaScript,8
MeYou Health,JavaScript,8
Square,Python,8
Stripe,C,8
Pivotal Software Inc.,Ruby,8
Appetica,Jupyter Notebook,8
Appetica,JavaScript,8
Modyo,JavaScript,8
Nokia gate5,Ruby,8
Appetica,C++,8
Driw AS,JavaScript,8
Simpleweb,JavaScript,8
Front End Developer @Anafore ,HTML,8
18F + personal projects,Python,8
Thousand Eyes Inc.,Python,8
HPE,Nimrod,7
Shutterstock,Ruby,7
Simmer,JavaScript,7
Owl Unit,Clojure,7
Lainsoft Foundation,Objective-C,7
Kushview,C++,7
"Global Data 360, Inc.",XQuery,7
Red Hat,CSS,7
Transmode,Shell,7
Webpuppies Singapore,Ruby,7
Google,Java,7
University of Pisa,C++,7
DroniX Dev Team,JavaScript,6
HPE,Python,6
The.Berlin.Factor,Java,6
Freelance WordPress Dev,JavaScript,6
Square,R,6
Square,JavaScript,6
Marcel Digital,Shell,6
"Expedia, Inc.",Java,6
"Plecco Technologies, Inc.",Shell,6
Socure,Ruby,6
Defective Studios,JavaScript,6
Espians,JavaScript,6
"Toppa Consulting, LLC",Ruby,6
Codezilla Limited UK - Consulting,PHP,6
The Guardian,Scala,6
Espians,Emacs Lisp,6
Machine Doing,JavaScript,6
Escenic,Emacs Lisp,6
Sugoi Software,Python,6
DigitalH2O,Python,6
HP,Java,6
Electric Labs,Objective-C,6
Greenflex,JavaScript,6
ElasticBox Inc,Python,6
Skulski Research Group,Ruby,6
Tascent,C++,6
Siemer for Hire,C#,6
Cospix LLC,Shell,6
Coventry University,JavaScript,6
DroniX Dev Team,Lua,6
Ferocia,Ruby,6
Star Ruby Media,Ruby,6
Clock Limited,Python,6
Kryptnostic,Python,6
blaste,Python,6
Kryptnostic,Groovy,6
Kryptnostic,Java,6
Sands Consulting Sdn. Bhd.,HTML,6
Kryptnostic,PHP,6
"Ustream, Inc.",Go,6
Basho Technologies,CSS,6
"Rakuten, Inc.",Erlang,6
Basho Technologies,Objective-C,6
Independent contractor,Ruby,6
Blue Bits,Java,6
Blue Horseshoe,JavaScript,6
University of Stavanger,Java,6
Schneider Electric DMS NS,JavaScript,6
Kryptnostic,CSS,6
blaste,C,6
REA Group,C++,6
"Zerrtech, LLC",JavaScript,6
Yagni Technologies,C++,6
Ricepo,Swift,6
NLB,Shell,6
W+K,C++,6
NLB,Python,6
NLB,Java,6
NLB,HTML,6
W+K,Shell,6
Jinlabs Ltd,C,6
Alliants,Elixir,6
Alfresco,Ruby,6
Clock Limited,C++,6
Ricepo,C++,6
@imin-ltd,Java,6
@imin-ltd,PHP,6
LBNL,Perl,6
@AblePear,Swift,6
Clock Limited,C,6
18F + personal projects,CSS,6
Heroku,VimL,6
Nokia gate5,JavaScript,6
UC Davis (MS student),R,6
UC Davis (MS student),Ruby,6
UC Davis (MS student),Shell,6
Umbo CV,C++,6
@financeit ,HTML,6
Catalyst IT,Python,6
Lainsoft Foundation,Ruby,6
Catalyst IT,PHP,6
Nokia,C++,6
Ricepo,Objective-C,6
freelance full-stack dev,JavaScript,6
IMMUNIO,Go,6
glfernando,C,6
Studio Sugarfree,JavaScript,5
Odnoklassniki,Java,5
Futurice Oy,JavaScript,5
Pivotal Software Inc.,Objective-C,5
LBNL,Prolog,5
Remitly.com,PHP,5
"Opt-6 Products, LLC",C,5
Iridescent,JavaScript,5
日日金科技有限公司,Go,5
Le Blog de Genma,Shell,5
dmc digital media center,JavaScript,5
Stalos Tech,Java,5
Forefront Consulting Group,C#,5
Studio Sugarfree,PHP,5
Lainsoft Foundation,Java,5
Le Blog de Genma,Python,5
Globo.com,Python,5
devCrowd GmbH,JavaScript,5
Red Hat,C,5
https://www.codepan.io,CoffeeScript,5
Kumel Soft,Ruby,5
@vinted ,Ruby,5
LBNL,Web Ontology Language,5
RG Sistemas,PHP,5
NilOut LLC,Erlang,5
@Automattic ,PHP,5
MeYou Health,PHP,5
THEMWEBS,CSS,5
University of Szeged,C++,5
SilverStripe,JavaScript,5
Mozilla,JavaScript,5
Institut Pasteur,Java,5
R-Vision,JavaScript,5
BaristaVentures,C++,5
MoneyDesktop,Java,5
"Prolanceer, India",PHP,5
Microsoft,Shell,5
"StoneDonut, LLC.",PowerShell,5
Microsoft,Python,5
University of Pisa,C,5
Paperpile,R,5
Owl Unit,Scala,5
Microsoft,JavaScript,5
"SeeClickFix (seeclickfix.com), CityBits (citybitsapp.com)",JavaScript,5
"SeeClickFix (seeclickfix.com), CityBits (citybitsapp.com)",Ruby,5
"DeNA Co.,Ltd.",C++,5
IMMUNIO,Python,5
Calibreworks,Shell,5
Mutual Mobile,JavaScript,5
"Pamiris, Inc.",JavaScript,5
Google,JavaScript,5
Intrepid Pursuits,Objective-C,5
GovDelivery,JavaScript,5
Twitter,Shell,5
Intrepid Pursuits,Swift,5
Edwin Meyer Software Engineering,Ruby,5
"Prolanceer, India",JavaScript,4
REA Group,F#,4
Heroku,Emacs Lisp,4
REA Group,Haskell,4
Heroku,Python,4
REA Group,TypeScript,4
Sheepdog Sciences,Arduino,4
Hibado,C,4
HPE,Java,4
Shift Technologies Inc.,JavaScript,4
LINE Fukuoka,Ruby,4
Sheepdog Sciences,Objective-C,4
Stalos Tech,JavaScript,4
Siemer for Hire,JavaScript,4
Happy Nerd Shirts,CSS,4
Silibrina,Shell,4
REA Group,Ruby,4
MIT Class of 2018,Python,4
Hoelle Development,JavaScript,4
La Magia en Arda,JavaScript,4
Iridescent,Elixir,4
LINE Fukuoka,CoffeeScript,4
Skulski Research Group,Elm,4
"Localize, Techstars, YC",PHP,4
Ionata Digital,Shell,4
Ionata Digital,Ruby,4
Ionata Digital,Objective-C,4
"Reenhanced, LLC",Ruby,4
Ricepo,Shell,4
Google,C++,4
Invert Game Studios LLC,JavaScript,4
Skulski Research Group,PHP,4
Pragmateam,CSS,4
Kinertia LLC,CSS,4
HP,JavaScript,4
"Kobo, Inc.",Java,4
Lowe's Home Improvement,CSS,4
S. Quinton Green,PHP,4
"Kobo, Inc.",Python,4
"Global Data 360, Inc.",Java,4
Skulski Research Group,CSS,4
Schneider Electric DMS NS,Java,4
"Localize, Techstars, YC",CoffeeScript,4
"Rakuten, Inc.",Haskell,4
Simmer,PHP,4
R-Vision,CSS,4
Templateninja.net,PHP,4
Lighthouse Software Solutions,JavaScript,4
"AETROS.com, @aetros ",CSS,4
Android Command,HTML,4
Catalyst IT,HTML,4
Unboxed Consulting,Ruby,4
Meruvian,HTML,4
Driw AS,Python,4
DroniX Dev Team,Shell,4
"AETROS.com, @aetros ",TypeScript,4
OpenLearning Global Pty Ltd.,JavaScript,4
backslash AG,JavaScript,4
"Parler Haut, Interagir Librement",JavaScript,4
blaste,Objective-C,4
EPAM Systems,JavaScript,4
OpenLearning Global Pty Ltd.,C,4
Appetica,C#,4
@trello ,CSS,4
Cirrus Machina,Python,4
@stampr ,CoffeeScript,4
TBODA Pty Ltd,CSS,4
Umbo CV,C,4
DigitalH2O,CoffeeScript,4
The Tandem Group,CSS,4
Meruvian,Java,4
Airbnb,Shell,4
Clowns and Puppets,JavaScript,4
Airbnb,Scala,4
Continuity Control,JavaScript,4
Continuity Control,Shell,4
Airbnb,Rust,4
Airbnb,Racket,4
"Ciber, Inc.",Ruby,4
Airbnb,Python,4
Alfresco,Java,4
Alliants,Ruby,4
Thousand Eyes Inc.,Java,4
Thousand Eyes Inc.,HTML,4
Thousand Eyes Inc.,C,4
Agiliq,CSS,4
ThoughtWorks,Emacs Lisp,4
YP Holdings,VimL,4
PLUS2,Ruby,4
TBODA Pty Ltd,TypeScript,4
Facebook,Go,4
@ThoughtWorksInc,Perl,4
@ThoughtWorksInc,HCL,4
One Red Dog Media Pty Ltd,C++,4
211.90 Consulting LLC,Ruby,4
glomper.com,Ruby,4
Facebook,C++,4
gutocarvalho.net,Puppet,4
Fitbit,VimL,4
Fitbit,HTML,4
Facebook,Objective-C,4
Facebook,Shell,4
Fitbit,Emacs Lisp,4
Modyo,Shell,4
One Red Dog Media Pty Ltd,Python,4
Student,Python,4
http://gle.solar,Python,4
meliuz,PHP,4
@ThoughtWorksInc,JavaScript,4
One Red Dog Media Pty Ltd,C,4
"Ustream, Inc.",Rust,4
Vide Infra Group,PHP,4
Escenic,Java,4
Subito.it,Objective-C,4
Fruition Sciences,JavaScript,4
Stripe,Go,4
@ThoughtWorksInc,Shell,4
BuilderTREND,Ruby,4
Stripe,Ruby,4
"Ustream, Inc.",Ruby,4
BuilderTREND,Objective-C,4
"Ustream, Inc.",Python,4
University of Stavanger,R,4
BaristaVentures,Clojure,4
383project,JavaScript,4
Wyndow,Puppet,3
Xiamen YouJia Limited Company,ActionScript,3
Wyndow,JavaScript,3
Ars Machina Tecnologia da Informação Ltda.,JavaScript,3
Alliants,Shell,3
Mylittlejob GmbH,JavaScript,3
Sands Consulting Sdn. Bhd.,Python,3
Individual,C#,3
W+K,VimL,3
Vyndyco Corporation,ColdFusion,3
Basho Technologies,Python,3
W+K,Python,3
W+K,Objective-C,3
W+K,CSS,3
Mutual Mobile,PHP,3
Vyndyco Corporation,PHP,3
Intelligent and Interactive Systems,Python,3
Xiamen YouJia Limited Company,C,3
Kafoodle,Ruby,3
Ajfek Software,Objective-C,3
devCrowd GmbH,F#,3
@imin-ltd,Ruby,3
Kushview,Python,3
@imin-ltd,JavaScript,3
@imin-ltd,HTML,3
@financeit ,Shell,3
"Rakuten, Inc.",JavaScript,3
@financeit ,Ruby,3
@financeit ,Puppet,3
@financeit ,Lua,3
@financeit ,Groovy,3
Opal Labs,CSS,3
@Teradata ,PHP,3
gutocarvalho.net,Ruby,3
Online Media,JavaScript,3
http://gle.solar,C#,3
@sensiolabs SensioLabs,JavaScript,3
depop,Python,3
Japan,Python,3
depop,C,3
Jinlabs Ltd,CSS,3
Jinlabs Ltd,Java,3
Jinlabs Ltd,VimL,3
Jobber,JavaScript,3
Xiamen YouJia Limited Company,Java,3
Xiamen YouJia Limited Company,JavaScript,3
Reducify,JavaScript,3
Kafoodle,HTML,3
Yagni Technologies,CSS,3
Basho Technologies,Shell,3
Kafoodle,TypeScript,3
Yagni Technologies,Elixir,3
Yagni Technologies,HTML,3
Yagni Technologies,JavaScript,3
@vinted ,JavaScript,3
Sands Consulting Sdn. Bhd.,Shell,3
"StoneDonut, LLC.",C#,3
Basho Technologies,VimL,3
Escenic,Shell,3
Google,C,3
Sugoi Software,Objective-C,3
Systemsmiths,JavaScript,3
THEMWEBS,C#,3
Google,Objective-C,3
Tam Tam,JavaScript,3
Machine Doing,C,3
Google,Shell,3
Tascent,Haskell,3
Tascent,TeX,3
EF Education First,HTML,3
The Code Venture,Shell,3
The Guardian,HTML,3
University of Szeged,QML,3
DigitalH2O,Shell,3
Democracy for America,JavaScript,3
The.Berlin.Factor,Ruby,3
Mac Flow,CSS,3
HPE,JavaScript,3
Skyscanner,Python,3
Espians,CSS,3
"Pamiris, Inc.",Python,3
Espians,HTML,3
G-mode,Python,3
Financial Times,Shell,3
Financial Times,Ruby,3
Financial Times,CoffeeScript,3
SonOfTwins,JavaScript,3
Genius,Ruby,3
Gestour SAS,JavaScript,3
Gestour SAS,PHP,3
Solairis Industries,JavaScript,3
"Expedia, Inc.",Scala,3
Solairis Industries,HTML,3
Solairis Industries,Clojure,3
Espians,Shell,3
Espians,Rust,3
Espians,Ruby,3
Espians,PHP,3
Espians,Objective-C,3
Espians,Java,3
Globo.com,JavaScript,3
Cronofy,JavaScript,3
Inbank Technologies,Shell,3
Umbo CV,Lua,3
Cirrus Machina,Java,3
UC Davis (MS student),HTML,3
Certified Symfony developer,Ruby,3
"StoneDonut, LLC.",Python,3
UC Davis (MS student),Matlab,3
UC Davis (MS student),OCaml,3
UC Davis (MS student),Prolog,3
UC Davis (MS student),Python,3
Coventry University,Python,3
Owl Unit,JavaScript,3
Carnegie Mellon University,Shell,3
Unboxed Consulting,Shell,3
Universal Solutions,Swift,3
"Pamiris, Inc.",Java,3
University of Michigan,C,3
University of Michigan,CSS,3
University of Michigan,Rust,3
University of Michigan,Go,3
UC Davis (MS student),Common Lisp,3
University of Pittsburgh,CSS,3
"Toppa Consulting, LLC",Shell,3
Clowns and Puppets,Java,3
Independent contractor,Dart,3
Silibrina,Python,3
University of Stavanger,Scala,3
Siemer for Hire,PowerShell,3
Coventry University,Objective-C,3
Coventry University,CSS,3
Shutterstock,Python,3
"Imagine Easy Solutions, LLC",JavaScript,3
Twitter,CSS,3
Schneider Electric DMS NS,C#,3
Shipito LLC,Shell,3
One Red Dog Media Pty Ltd,Ruby,2
Onefeat,Swift,2
Onefeat,JavaScript,2
REA Group,Groovy,2
Onefeat,Objective-C,2
Owl Unit,Java,2
Owl Unit,Emacs Lisp,2
Overture Games,C,2
One Red Dog Media Pty Ltd,Shell,2
Pivotal Software Inc.,Java,2
"Plecco Technologies, Inc.",JavaScript,2
P51 Software,Objective-C,2
Onefeat,C,2
"Opt-6 Products, LLC",C++,2
"Opt-6 Products, LLC",Shell,2
Pragmateam,ApacheConf,2
"Prolanceer, India",Java,2
OpenLearning Global Pty Ltd.,Swift,2
Paperpile,Java,2
OpenLearning Global Pty Ltd.,Python,2
OpenLearning Global Pty Ltd.,Objective-C++,2
Pragmateam,Shell,2
OpenLearning Global Pty Ltd.,Lua,2
REA Group,CoffeeScript,2
Pragmateam,Python,2
OpenLearning Global Pty Ltd.,CSS,2
"Opt-6 Products, LLC",JavaScript,2
Paperpile,Perl,2
Pragmateam,Pascal,2
Pragmateam,PHP,2
Pragmateam,HTML,2
REA Group,CSS,2
REA Group,Emacs Lisp,2
Pragmateam,VimL,2
121ecommerce,JavaScript,2
REA Group,Shell,2
RG Sistemas,HTML,2
YP Holdings,HTML,2
YP Holdings,Elixir,2
YP Holdings,CoffeeScript,2
YP Holdings,Clojure,2
Xiamen YouJia Limited Company,Objective-C,2
Xiamen YouJia Limited Company,Go,2
Wyndow,Ruby,2
Webpuppies Singapore,JavaScript,2
"Wade, LLC.",CSS,2
VisioBox,Python,2
Vide Infra Group,C++,2
Valu Digital Oy,Ruby,2
Valu Digital Oy,Lua,2
Valu Digital Oy,CoffeeScript,2
VMware,Ruby,2
"Ustream, Inc.",Shell,2
"Ustream, Inc.",Scala,2
"Ustream, Inc.",HTML,2
"Ustream, Inc.",CoffeeScript,2
"Ustream, Inc.",Clojure,2
"Ustream, Inc.",C++,2
"Ustream, Inc.",Assembly,2
"Ustream, Inc.",API Blueprint,2
University of Stavanger,HTML,2
University of Pisa,CMake,2
University of Michigan,Python,2
University of Michigan,JavaScript,2
University of Michigan,Haskell,2
University of Michigan,HTML,2
YP Holdings,Haskell,2
YP Holdings,OCaml,2
YP Holdings,Python,2
http://gle.solar,Eagle,2
,TypeScript,2
,Shell,2
,Python,2
,Makefile,2
,HTML,2
oneforty,Ruby,2
meliuz,Shell,2
meliuz,C,2
https://angel.co/trucktrack,Ruby,2
https://angel.co/trucktrack,Python,2
https://angel.co/trucktrack,CoffeeScript,2
http://gle.solar,Shell,2
http://gle.solar,JavaScript,2
http://gle.solar,C,2
YP Holdings,Shell,2
http://gle.solar,Arduino,2
gutocarvalho.net,JavaScript,2
glomper.com,C++,2
glfernando,Java,2
freelance full-stack dev,Common Lisp,2
"edutechnologic, llc",Java,2
cron IT,JavaScript,2
blaste,Java,2
blaste,C++,2
backslash AG,ColdFusion,2
ancestry.com,Go,2
ZoomRx,JavaScript,2
Zenefits,JavaScript,2
University of Michigan,C++,2
"University of California, Irvine",VimL,2
"University of California, Irvine",CSS,2
Sheepdog Sciences,Java,2
Skyscanner,Shell,2
Skyscanner,CoffeeScript,2
Skulski Research Group,VimL,2
Skulski Research Group,Perl,2
Skulski Research Group,Makefile,2
Skulski Research Group,Clojure,2
Skerou,C,2
Skerou,Arduino,2
Simmer,HTML,2
Simmer,CSS,2
Shutterstock,JavaScript,2
Shipito LLC,CoffeeScript,2
Sheepdog Sciences,Python,2
Secret,HTML,2
SmartSoftAsia,JavaScript,2
"SRAN Technology Co., Ltd",JavaScript,2
"SRAN Technology Co., Ltd",HTML,2
S. Quinton Green,CSS,2
Ruckus Gaming,Java,2
Ricepo,Python,2
Ricepo,Java,2
Ricepo,HTML,2
Ricepo,Assembly,2
Red Hat,KiCad,2
"Rakuten, Inc.",Shell,2
"Rakuten, Inc.",Emacs Lisp,2
"Rakuten, Inc.",Clojure,2
"Rakuten, Inc.",C,2
SmartSoftAsia,CSS,2
SmartSoftAsia,Jupyter Notebook,2
Umbo CV,Shell,2
Student,Java,2
Transmode,Python,2
Thrive TRM,VimL,2
Thrive TRM,PHP,2
ThoughtWorks,Objective-C,2
ThoughtWorks,JavaScript,2
The Tandem Group,PHP,2
The Code Venture,Ruby,2
Techbooth,PHP,2
Tam Tam,Python,2
THEMWEBS,HTML,2
TBODA Pty Ltd,Puppet,2
Sugoi Software,JavaScript,2
Subito.it,Ruby,2
Strobe Development,JavaScript,2
SmartSoftAsia,R,2
Stripe,Rust,2
Stripe,JavaScript,2
Stripe,CSS,2
Stripe,C++,2
Stripe,Brainfuck,2
Stripe,Awk,2
"StoneDonut, LLC.",VimL,2
Square,VimL,2
Square,Emacs Lisp,2
Solairis Industries,Perl,2
Solairis Industries,PHP,2
Socure,Shell,2
Socure,Java,2
"On2 Technologies, Inc.",PHP,2
Mac Flow,Ruby,2
Ennova Research,Swift,2
Jayway,Java,2
Driw AS,C#,2
Driw AS,Groovy,2
Driw AS,Java,2
Driw AS,Perl,2
Driw AS,Ruby,2
Driw AS,Shell,2
Driw AS,VimL,2
EF Education First,PHP,2
EPAM Systems,Java,2
ElasticBox Inc,CSS,2
ElasticBox Inc,Go,2
ElasticBox Inc,HTML,2
ElasticBox Inc,JavaScript,2
Eloqua,Objective-C,2
Eloqua,PHP,2
Directi,C#,2
DigitalH2O,CSS,2
Defective Studios,Shell,2
Cronofy,C#,2
Certified Symfony developer,JavaScript,2
Certified Symfony developer,Shell,2
"Ciber, Inc.",JavaScript,2
Clowns and Puppets,Shell,2
Continuity Control,CSS,2
Continuity Control,Emacs Lisp,2
Crowdcube,CSS,2
Defective Studios,PHP,2
Crowdcube,Ruby,2
DTS,VimL,2
Data Processors,C,2
Decimus Software,Objective-C,2
Decimus Software,Ruby,2
Defective Studios,C++,2
Eloqua,Scala,2
Ennova Research,Ruby,2
Ericsson,Emacs Lisp,2
Increments Inc.,Shell,2
Heroku,Shell,2
Hibado,C++,2
Hibado,JavaScript,2
Hibado,Python,2
IMMUNIO,C,2
IMMUNIO,Ruby,2
Indian Institute of Technology,Java,2
Happy Nerd Shirts,Java,2
Individual,C++,2
Individual,Java,2
Individual,JavaScript,2
Ionata Digital,C,2
Ionata Digital,CoffeeScript,2
Iridescent,VimL,2
Happy Nerd Shirts,Shell,2
Happy Nerd Shirts,Groovy,2
Escenic,Python,2
GitHub,Emacs Lisp,2
Fictive Kin,CSS,2
FuseLMS,CSS,2
FuseLMS,Java,2
Futurniture,PHP,2
Fyber,JavaScript,2
Genius,Objective-C,2
GitHub,Java,2
Google,TeX,2
GitHub,Python,2
GitHub,Shell,2
"Global Data 360, Inc.",JavaScript,2
Globo.com,Ruby,2
Gogolook Inc.,Python,2
Google,CSS,2
Certified Symfony developer,CSS,2
Catalyst IT,VimL,2
Catalyst IT,TeX,2
@stampr ,C#,2
@Wildbit,C#,2
@Wildbit,Objective-C,2
@Wildbit,VimL,2
@betterup ,JavaScript,2
@betterup ,Ruby,2
@sensiolabs SensioLabs,CoffeeScript,2
@stampr ,PHP,2
@MaxCDN ,Objective-C,2
@stampr ,Ruby,2
@trello ,HTML,2
"AETROS.com, @aetros ",C,2
"AETROS.com, @aetros ",C++,2
"AETROS.com, @aetros ",Python,2
"AETROS.com, @aetros ",Shell,2
@MaxCDN ,Perl,2
@MaxCDN ,JavaScript,2
Adzerk,Common Lisp,2
383project,CSS,2
18F + personal projects,VimL,2
211.90 Consulting LLC,C++,2
211.90 Consulting LLC,CSS,2
211.90 Consulting LLC,HTML,2
27AE60,Shell,2
383project,C++,2
@AblePear,Rust,2
@MaxCDN ,CSS,2
@AblePear,Shell,2
@CustomerFX,C#,2
@CustomerFX,Python,2
@EastCoastProduct ,HTML,2
@EastCoastProduct ,Ruby,2
@EastCoastProduct ,Shell,2
AbiEzzi Consulting,JavaScript,2
Adzerk,Emacs Lisp,2
Catalyst IT,Shell,2
CEF,JavaScript,2
BugBuster,JavaScript,2
BuilderTREND,JavaScript,2
BuilderTREND,Kotlin,2
BuilderTREND,PHP,2
BuilderTREND,Shell,2
CEF,HTML,2
CEF,Ruby,2
BaristaVentures,JavaScript,2
CMU,C++,2
Calibreworks,JavaScript,2
Carnegie Mellon University,C++,2
Casewise,JavaScript,2
Catalyst IT,Objective-C,2
Catalyst IT,Rust,2
Blue Horseshoe,C#,2
"Available (Berlin, Hamburg, Athens, wordwide)",Shell,2
Adzerk,Java,2
Agiliq,Shell,2
Agile N Co and Agile Tribu,Java,2
Agile N Co and Agile Tribu,JavaScript,2
Agiliq,CoffeeScript,2
Agiliq,Java,2
Agiliq,Objective-C,2
Agiliq,Ruby,2
Agiliq,Swift,2
Automattic,Shell,2
Albert.io,Java,2
Alfresco,JavaScript,2
Alfresco,PHP,2
Alliants,VimL,2
Aloudly Education,CoffeeScript,2
"Android Engineer @ Musixmatch, Android GDE",Shell,2
Japan,Shell,2
,VimL,2
Nokia,Ruby,2
NLB,C++,2
Nokia gate5,C++,2
Mesa Funds,D,2
Lowe's Home Improvement,Java,2
Mascoteros.com,JavaScript,2
NLB,CSS,2
Marcel Digital,Python,2
Marcel Digital,JavaScript,2
Nokia,JavaScript,2
Nokia,Java,2
NLB,Lex,2
Mesa Funds,HTML,2
Microsoft,C#,2
NLB,XProc,2
"NetBrains, Sturdy Networks, and Usability.Pro",Java,2
LiSC,PHP,2
Kushview,Objective-C,2
Lighthouse Software Solutions,C#,2
Kushview,Ruby,2
Naeka,Python,2
LinkedIn,C++,2
LinkedIn,Java,2
LinkedIn,VimL,2
"Localize, Techstars, YC",Ruby,2
National University of Singapore,Python,2
Microsoft,PHP,2
National University of Singapore,JavaScript,2
Lowe's Home Improvement,CoffeeScript,2
Mesa Funds,Cuda,2
Lowe's Home Improvement,PHP,2
LBNL,JavaScript,2
LBNL,Python,2
MoneyDesktop,VimL,2
Mozilla,CSS,2
Lanetix,C#,2
MeYou Health,HTML,2
NLB,C,2
Mylittlejob GmbH,Python,2
LINE Fukuoka,CSS,2
Media 24,JavaScript,2
BaristaVentures,HTML,1
"Android Engineer @ Musixmatch, Android GDE",TeX,1
MoneyDesktop,C,1
"Android Engineer @ Musixmatch, Android GDE",Python,1
"Android Engineer @ Musixmatch, Android GDE",CSS,1
Autodesk,Java,1
"Android Engineer @ Musixmatch, Android GDE",C++,1
"Android Engineer @ Musixmatch, Android GDE",Ada,1
BaristaVentures,Emacs Lisp,1
Owl Unit,Go,1
MoneyDesktop,JavaScript,1
Owl Unit,Python,1
Alliants,Go,1
BaristaVentures,Shell,1
Webpuppies Singapore,PHP,1
Angelic Computing,JavaScript,1
Balabit,Python,1
BaristaVentures,Common Lisp,1
Apptaris Inc.,Ruby,1
Automattic,PHP,1
Autodesk,HTML,1
VMware,Shell,1
Autodesk,CoffeeScript,1
VMware,Scala,1
Autodesk,Arduino,1
Atomix System Ltd,PHP,1
Microsoft,PowerShell,1
BaristaVentures,C,1
Apptaris Inc.,JavaScript,1
VMware,C,1
"Available (Berlin, Hamburg, Athens, wordwide)",HTML,1
Owl Unit,Objective-C,1
Balabit,PHP,1
Autodesk,Python,1
Apptaris Inc.,C#,1
Remitly.com,Objective-C,1
University of Szeged,Java,1
Berlin,C,1
Calibreworks,CSS,1
Meruvian,CSS,1
Calibreworks,Ruby,1
University of Michigan,Arduino,1
Meruvian,C#,1
"University of California, Irvine",Shell,1
"University of California, Irvine",Python,1
Carnegie Mellon University,HTML,1
Carnegie Mellon University,Java,1
"University of California, Irvine",Go,1
Carnegie Mellon University,JavaScript,1
Carnegie Mellon University,Lua,1
Universal Solutions,PHP,1
Universal Solutions,JavaScript,1
Carnegie Mellon University,Matlab,1
Paperpile,Python,1
Unboxed Consulting,CoffeeScript,1
Umbo CV,VimL,1
Meltwater,Puppet,1
Umbo CV,Python,1
Umbo CV,Matlab,1
Paperpile,Ruby,1
Umbo CV,Jupyter Notebook,1
Umbo CV,HTML,1
Umbo CV,Cuda,1
Paperpile,Shell,1
Calibreworks,Go,1
Meruvian,PHP,1
Berlin,Emacs Lisp,1
Meruvian,Ruby,1
BlackLynx,PHP,1
University of Thessaly,JavaScript,1
University of Szeged,TeX,1
Blue Horseshoe,CSS,1
Whitecap Canada Inc.,C#,1
Owl Unit,VimL,1
University of Szeged,C#,1
University of Szeged,C,1
BugBuster,Python,1
University of Stavanger,Ruby,1
BugBuster,Shell,1
University of Stavanger,Python,1
University of Stavanger,Perl,1
University of Stavanger,PHP,1
University of Stavanger,JavaScript,1
BugBuster,VimL,1
Microsoft,Nginx,1
University of Pisa,Python,1
"Pamiris, Inc.",C++,1
CBS Local Digital Media Group,C#,1
University of Michigan,Shell,1
CBS Local Digital Media Group,HTML,1
University of Michigan,R,1
University of Michigan,Nix,1
University of Michigan,Java,1
Alliants,Emacs Lisp,1
Ajfek Software,Swift,1
Wipro,JavaScript,1
"On2 Technologies, Inc.",Ruby,1
http://gle.solar,Ruby,1
@Automattic ,Puppet,1
Nokia gate5,Python,1
@CustomerFX,CSS,1
http://gle.solar,C++,1
@DXMarkets ,JavaScript,1
http://cutbot.net/,Perl6,1
Nokia,Python,1
http://cutbot.net/,CSS,1
http://cutbot.net/,C++,1
http://cutbot.net/,C,1
Node Solutions Ltd,PHP,1
Node Solutions Ltd,JavaScript,1
gutocarvalho.net,CSS,1
glomper.com,Shell,1
Node Solutions Ltd,C++,1
glomper.com,Java,1
Node Solutions Ltd,C,1
glfernando,Python,1
NilOut LLC,HTML,1
NilOut LLC,Go,1
NilOut LLC,C,1
@betterup ,Python,1
"NetBrains, Sturdy Networks, and Usability.Pro",Python,1
dmc digital media center,Objective-C,1
@Automattic ,Groovy,1
"On2 Technologies, Inc.",Python,1
Wipro,Ruby,1
https://angel.co/trucktrack,Matlab,1
NthCode,JavaScript,1
211.90 Consulting LLC,C,1
211.90 Consulting LLC,C#,1
Odnoklassniki,C++,1
Northwestern University,VimL,1
Odnoklassniki,PHP,1
日日金科技有限公司,Ruby,1
211.90 Consulting LLC,JavaScript,1
211.90 Consulting LLC,Python,1
oneforty,C,1
211.90 Consulting LLC,Scala,1
27AE60,Python,1
Odnoklassniki,TypeScript,1
27AE60,VimL,1
iMAGINE MEDIA DESIGNS,JavaScript,1
iABLE inc.,Java,1
https://www.codepan.io,VimL,1
https://www.codepan.io,TeX,1
https://www.codepan.io,Python,1
"On2 Technologies, Inc.",C#,1
Northwestern University,Shell,1
https://www.codepan.io,CSS,1
https://angel.co/trucktrack,Shell,1
3angleTECH,Python,1
51NB,Shell,1
@sensiolabs SensioLabs,Java,1
dmc digital media center,HTML,1
@sensiolabs SensioLabs,Python,1
National University of Singapore,TeX,1
NLB,CoffeeScript,1
Adzerk,Jasmin,1
Adzerk,JavaScript,1
Adzerk,Perl,1
Agile N Co and Agile Tribu,CSS,1
"Opt-6 Products, LLC",CSS,1
Agile N Co and Agile Tribu,PHP,1
Agile N Co and Agile Tribu,XSLT,1
Xiamen YouJia Limited Company,Swift,1
Xiamen YouJia Limited Company,Ruby,1
Xiamen YouJia Limited Company,Python,1
"Opt-6 Products, LLC",Perl,1
"Opt-6 Products, LLC",Ruby,1
Mutual Mobile,Ruby,1
Xiamen YouJia Limited Company,HTML,1
Xiamen YouJia Limited Company,C++,1
Ajfek Software,PHP,1
"UchidaYoko co.,ltd",Shell,1
Wyndow,VimL,1
Wyndow,Shell,1
Overture Games,Haxe,1
Wyndow,Python,1
"Alexander & Tom, Inc.",JavaScript,1
Owl Unit,CSS,1
Wyndow,C,1
Adzerk,CSS,1
Adzerk,C++,1
Adzerk,C,1
National University of Singapore,CSS,1
National University of Singapore,Swift,1
National University of Singapore,Ruby,1
@thekompanee,PHP,1
@trello ,Ruby,1
@vinted ,CoffeeScript,1
cabytel,Ruby,1
@vinted ,Python,1
@vinted ,TeX,1
ABB,Python,1
ABB,Ruby,1
National University of Singapore,Perl,1
andCulture,JavaScript,1
Accenture,Java,1
andCulture,C#,1
andCulture,ActionScript,1
ancestry.com,Shell,1
ancestry.com,Python,1
ZoomRx,Objective-C,1
AbiEzzi Consulting,CSS,1
"Zerrtech, LLC",TypeScript,1
"Zerrtech, LLC",Python,1
AbiEzzi Consulting,HTML,1
"Zerrtech, LLC",CoffeeScript,1
AbiEzzi Consulting,Shell,1
"Parler Haut, Interagir Librement",CSS,1
Choomogo,Java,1
"UchidaYoko co.,ltd",Ruby,1
GovDelivery,C++,1
Greenflex,CoffeeScript,1
Greenflex,HTML,1
Greenflex,Lasso,1
Greenflex,Shell,1
Simmer,VimL,1
Simmer,Shell,1
Greenflex,TypeScript,1
HP,HTML,1
HPE,Arduino,1
HPE,C,1
HPE,C++,1
SilverStripe,TypeScript,1
HPE,CSS,1
HPE,Go,1
SilverStripe,CSS,1
Silibrina,VimL,1
HPE,Shell,1
HPE,TypeScript,1
Silibrina,PHP,1
Silibrina,CSS,1
Silibrina,C,1
HPE,VimL,1
Siemer for Hire,HCL,1
Rational Interaction,Python,1
Heriot Watt University,CSS,1
Greenflex,CSS,1
Gourmandy,Ruby,1
Shutterstock,C,1
Google,VimL,1
LBNL,Makefile,1
"Global Data 360, Inc.",C#,1
Software Engineering Professionals,Ruby,1
"Global Data 360, Inc.",C++,1
Socure,Scheme,1
"Global Data 360, Inc.",CSS,1
LBNL,Java,1
"Global Data 360, Inc.",XSLT,1
Socure,HTML,1
Socure,C,1
Globo.com,CSS,1
LBNL,CSS,1
Globo.com,VimL,1
Gogolook Inc.,Go,1
"Rakuten, Inc.",Objective-C,1
Gogolook Inc.,Ruby,1
Gogolook Inc.,Scala,1
Skyscanner,PureScript,1
"Rakuten, Inc.",Python,1
Google,HTML,1
Google,Lua,1
Google,PHP,1
Google,Perl,1
Google,Scala,1
"Rakuten, Inc.",Ruby,1
Heriot Watt University,Python,1
Heriot Watt University,TypeScript,1
"UchidaYoko co.,ltd",Java,1
Individual,Haskell,1
"Reenhanced, LLC",CSS,1
Samware,Shell,1
"SRAN Technology Co., Ltd",Shell,1
Individual,Ruby,1
"SRAN Technology Co., Ltd",Perl,1
"SRAN Technology Co., Ltd",PHP,1
Individual,Rust,1
Institut Pasteur,C,1
"SRAN Technology Co., Ltd",Go,1
Intelligent and Interactive Systems,C++,1
Internet Protocol Researcher / Software Consultant,C,1
Intrepid Pursuits,C++,1
Intrepid Pursuits,Java,1
Intrepid Pursuits,Python,1
"Reenhanced, LLC",JavaScript,1
Jobber,Shell,1
Iridescent,CSS,1
Iridescent,CoffeeScript,1
Remitly.com,C,1
Japan,C++,1
Japan,JavaScript,1
Remitly.com,C++,1
Remitly.com,JavaScript,1
Report Bee Edusys Pvt. Ltd.,R,1
Jayway,PHP,1
Reducify,Ruby,1
JoliCode,ActionScript,1
"Kobo, Inc.",JavaScript,1
Individual,C,1
Shipito LLC,Lua,1
Shipito LLC,JavaScript,1
Shipito LLC,HTML,1
"Kobo, Inc.",Go,1
"Kobo, Inc.",Clojure,1
Kinertia LLC,JavaScript,1
Hoelle Development,HTML,1
Hoelle Development,Ruby,1
Kinertia LLC,HTML,1
IMMUNIO,Java,1
"SeeClickFix (seeclickfix.com), CityBits (citybitsapp.com)",VimL,1
"SeeClickFix (seeclickfix.com), CityBits (citybitsapp.com)",Shell,1
Red Hat,PHP,1
"SeeClickFix (seeclickfix.com), CityBits (citybitsapp.com)",Python,1
IMMUNIO,Scala,1
IMMUNIO,VimL,1
"Imagine Easy Solutions, LLC",PHP,1
"Imagine Easy Solutions, LLC",Ruby,1
Schneider Electric DMS NS,Python,1
Schneider Electric DMS NS,PHP,1
Inbank Technologies,Java,1
Increments Inc.,CoffeeScript,1
JoliCode,Objective-C,1
Schneider Electric DMS NS,ActionScript,1
JoliCode,CSS,1
LBNL,Shell,1
Genius,HTML,1
Gamelion Studios,Java,1
"Toppa Consulting, LLC",CSS,1
Math and Pencil,JavaScript,1
Cronofy,HTML,1
Cronofy,Java,1
Cronofy,Python,1
Crowdcube,HTML,1
Crowdcube,JavaScript,1
Machine Doing,Shell,1
"DeNA Co.,Ltd.",Perl,1
Machine Doing,Ruby,1
The.Berlin.Factor,C++,1
Decimus Software,REALbasic,1
Machine Doing,Objective-C,1
The Tandem Group,JavaScript,1
Machine Doing,Clojure,1
Machine Doing,CSS,1
Machine Doing,C#,1
Mac Flow,Shell,1
DigitalH2O,VimL,1
121ecommerce,PHP,1
The Code Venture,VimL,1
Directi,JavaScript,1
Mac Flow,Python,1
Mac Flow,HTML,1
The Code Venture,CoffeeScript,1
The Code Venture,CSS,1
Pivotal Software Inc.,Python,1
"Toppa Consulting, LLC",JavaScript,1
Gamelion Studios,C#,1
Math and Pencil,Python,1
Meltwater,C++,1
Caviar,CSS,1
Certified Symfony developer,C,1
"Parler Haut, Interagir Librement",Lasso,1
Certified Symfony developer,Go,1
Media 24,Python,1
Certified Symfony developer,Makefile,1
Pivotal Software Inc.,CSS,1
Jobber,Objective-C,1
Cirrus Machina,Emacs Lisp,1
Cirrus Machina,Go,1
Cirrus Machina,Groovy,1
Cirrus Machina,JavaScript,1
Twitter,Python,1
Twitter,Objective-C,1
Cirrus Machina,Processing,1
Cirrus Machina,Shell,1
Twitter,CoffeeScript,1
Clowns and Puppets,HTML,1
Twitter,ActionScript,1
Clowns and Puppets,Objective-C,1
Clowns and Puppets,Rust,1
Transmode,JavaScript,1
Transmode,Java,1
Clowns and Puppets,Swift,1
Templateninja.net,Ruby,1
"Prolanceer, India",HTML,1
MIT PSFC,Shell,1
Templateninja.net,Java,1
Freelanceholic,CSS,1
Freelanceholic,PHP,1
Fresh Bits,Swift,1
Front End Developer @Anafore ,Python,1
Front End Developer @Anafore ,Ruby,1
Front End Developer @Anafore ,VimL,1
LINE Fukuoka,PHP,1
RG Sistemas,Java,1
FuseLMS,JavaScript,1
Futurice Oy,CoffeeScript,1
Futurniture,HTML,1
Futurniture,JavaScript,1
RG Sistemas,JavaScript,1
LINE Fukuoka,Emacs Lisp,1
"StoneDonut, LLC.",F#,1
"StoneDonut, LLC.",CSS,1
Fyber,Ruby,1
Fyber,Scala,1
G-mode,Emacs Lisp,1
G-mode,JavaScript,1
Stalos Tech,HTML,1
G-mode,Ruby,1
GameLearn,HTML,1
GameLearn,Objective-C,1
GameLearn,Ruby,1
Freeflow Digital,PHP,1
Fictive Kin,Python,1
Fictive Kin,Objective-C,1
Systemsmiths,HTML,1
Templateninja.net,ActionScript,1
MIT Class of 2018,VimL,1
MIT Class of 2018,C++,1
EPAM Systems,Shell,1
Logic Squad,XSLT,1
Ennova Research,JavaScript,1
Le Blog de Genma,PHP,1
Ennova Research,Shell,1
NthCode,CSS,1
Ericsson,C,1
Ericsson,C++,1
Systemsmiths,F#,1
Studio Sugarfree,ActionScript,1
Ericsson,CSS,1
Le Blog de Genma,JavaScript,1
Sugoi Software,PHP,1
Ericsson,Java,1
Ericsson,Rust,1
Subito.it,VimL,1
Subito.it,Swift,1
Escenic,HTML,1
Studio Sugarfree,Ruby,1
Escenic,TeX,1
LINE Fukuoka,Python,1
NthCode,C,1
